Category_ID,Category,Discounts_Comps
100000,Wine,-3.91
100001,Candy,0
100002,Novelty,0
100003,Beverages,0
100004,Cigar,0
100005,Energy Drink,0
100006,Drinks,0
100007,None,0
100008,Cigarettes,0
100009,Beer,0
100010,Chips,0
100011,Grocery,0
100012,Tobacco,-2.7
100013,Ice Cream,0
100014,Lighter,0
100015,E Cigarette,0
100016,Cookies,0
100017,Water,0
100018,Tobacco Paper,0
100019,Coffee,0
100020,Gum,0
100021,Mixed item,0
100022,Chocolate,0
100023,Cleaning,0
100024,Meds,0
100025,Phone Accessories,0
100026,Zyn Nicotine,0
