SKU_ID,Transaction_ID
83120011286,gq9fCV10EWrMm1jE0ERdhlleV
83120011293,Ew1gtINLTNb64lAd9BgQLpxeV
40000422082,Y0eORmGRNs8mpxaR03mmiG7eV
3.46E+12,udzTm4rzZuNTmtZVNIIKAiveV
3.46E+12,YsE1MZF6FeSrbmxDYjfekaqeV
73096500273,eTEuTOhiPu4cBjJtJ1gRf6ueV
6.34E+11,8Udux3DiaSTmKjUDVvBfP76eV
6.34E+11,smYfwWg2yDRkrLmU30CEdP5eV
8.77E+11,uxRxGlYFzWJZftgYh9USa3geV
73390014537,UysfWknRUQ9uUarWRqHwoDfeV
73390014537,Kbfzz7FZVlNQrJF3uKA8Ag9eV
73390014360,YYogK5QUolcuWWCcVCXgkR8eV
73390014360,Mgt9pZocrGbk6tKiC9i96umeV
8.12E+11,m9NlDhGbHYWHyO4Xz2eAQ48eV
8.12E+11,kyUbxIJWrLrB3oS7GQ3gNdyeV
8.10E+11,QyDI5WbNZahdfoEHbWHhYE8eV
8.10E+11,mZPFcypGgTiQe57nAFLu5i3eV
8.10E+11,kwlkhC2jJJ9lE9v3GaHGo36eV
8.51E+11,YgOHDsqkftNy3cFyxbI7PWAfV
8.10E+11,EmkcsTLi2PPdXv3toTKi78geV
8.10E+11,0SeU6IwOhGBIESalSeqHldxeV
8.10E+11,sIZN1Py4P313oMormqMoaGAfV
8.10E+11,4AYioA2bTgi5apNcxsqmQYfeV
6.34E+11,WD011ici5V1En8a5emJ3GskeV
6.34E+11,i1mNOqTDoR8zl4nYfFrq03meV
6.34E+11,W1HwqJo0zxoPqPrPNWm1ak7eV
6.34E+11,GbIpYXcqkj0IJXrBLVclOpieV
3452202,S3l6S4xDdGu8Bm2ZwtleZHveV
47995855253,IChKXTFgPLkvdBhhDWEktqreV
47995855253,KBmfYLQO3WcPULBKPujjgPjeV
47995855086,s663imNw6aXf3P0v0oSTNZ6eV
47995855093,2rstOA3DHJHgQbCx1GOeMu8eV
47995855093,a7VCKclEhNMnXhESWz6J4T9eV
87692006602,MIRNZBPwwt5BzU0UmcyMe37eV
38000254048,A2Bk7piiwp7i6vjeKH7OBI1eV
82100739097,2ttpMCuZTSr1S9mHVLYBm6yeV
6.13E+11,Ojqlcod6fw4IFs2mOwuzRJpeV
6.13E+11,8Udux3DiaSTmKjUDVvBfP76eV
6.13E+11,i1mNOqTDoR8zl4nYfFrq03meV
6.13E+11,oOjEBoQu2YatH5Ji2b54KQqeV
6.13E+11,qDVqScOSAj8d4U60SHCPZQ8eV
6.13E+11,Mgt9pZocrGbk6tKiC9i96umeV
6.13E+11,aJAipeKbCLNNWVYv7NX88JfeV
6.13E+11,USQHrRoqY6blbkCohy3O9nheV
6.13E+11,MGA7KWCUuUOVdJvL9tHI02peV
6.13E+11,OZbKdIccQm3j0D559wFpuDpeV
6.13E+11,sOqMZRPmtQZ3T2JTOK79pSoeV
6.13E+11,SVoiVSnJeLNeuoS3HyjwITieV
6.13E+11,c2Ck7e2lyM0ziGul3z9VJfyeV
6.13E+11,GLCI5ouFVf37DtG3brXKtIAfV
6.13E+11,Kb3NcATZSCXjmJRhmCAhrjfeV
6.13E+11,ybjUGOdtc4kIPMy2OxaTn5jeV
6.13E+11,KzJ0WCwUYdlD3Tb58ytuiE6eV
6.13E+11,Kn5Zdfuan4KHk3PgdRYSKgleV
6.13E+11,mh12Onz2hqGWMuKnzKhP1LyeV
6.13E+11,SVs2ExRZryvKalDImG8mVhmeV
6.13E+11,aRSJnF06MiMiaG83z7bEJS8eV
6.13E+11,4wkw4lpSM83jRlE2G43YOPfeV
6.13E+11,AWbPCp3K0KzT6QUoHV3P1CreV
6.13E+11,GjSwatfY4XExatGsQbnbwDzeV
6.13E+11,ke2zOksgu0jSpOAlvUP4xt5eV
6.13E+11,EUdXphEG2UEOYrIIDBpwbrheV
6.13E+11,yLt1G0H33UMuakyBzkpHcjgeV
6.13E+11,8IdZtVU0KlHU5Uaxw3GfMg7eV
6.13E+11,Q0wc2DuCJ2XAtqFcVjnahmheV
6.13E+11,UAHPzFPwF3ju8AF642eCZ42eV
6.13E+11,215t2pFQTJ9VbQ27EoacX9seV
6.13E+11,cIPmFhF5GaW1LWMmWkUXNjseV
6.13E+11,6vBfSiMBdQknk1neX4TqXwreV
6.13E+11,a5m1jAsiXpfvqXShMVbmnVqeV
6.13E+11,0YVgppBAnfe58jr9WJRxpEjeV
6.13E+11,OtjroPROhgY4uZ5qjvpR2pqeV
6.13E+11,6P5xZymWYU3SbYPxI9pz8L0eV
6.13E+11,KloHKsWuRtLgJqATdPzEokneV
6.13E+11,CrDczw9GnUas2ooNVQiAjsfeV
6.13E+11,Oh3YQv7gOrH40xhGKM60rT3eV
6.13E+11,Kbfzz7FZVlNQrJF3uKA8Ag9eV
6.13E+11,yRS8VkYP9NCcXdgnGH5F5L5eV
6.13E+11,A6rGYs8HwrTw8AdF5rF0DbueV
6.13E+11,c2ALno5bLkvilEeDKWNE6jseV
6.13E+11,GDUZEydLgSpXfmKjaOnHfcteV
6.13E+11,K7hgZNB8WJhs07S27kDogWheV
6.13E+11,qPTgXaDw6Rj3GVfzfEOTiO7eV
6.13E+11,2pNEDz2xbU3XudGUm2JEnG9eV
6.13E+11,qpGxYF8p62CDr6JK4EreuV0eV
6.13E+11,oKnPZeIXYVmYYF0ValfgpDleV
6.13E+11,gYScVdiPt0LaI8wX871zLsmeV
73854009147,0UP8uElML7MqvBesIdL5fwmeV
71610302792,gqz4vQpDhVTovYKpDTYTXAheV
71610202832,w8S9lJBn38ai3kAMuQdiPZ2eV
71610203358,MiEimtooVvfecNE5RsrO6SoeV
71610302792,el9q1Aw8GlLbgR3LzYSyYN0eV
71610302792,kOs6WMNDZsTwey2j12CG0sieV
71610302792,CJ8vkjI5ti8TthYMBIfGYhseV
71610302792,eN7pEnr8I24ICl88pcAdkcleV
71610203099,27OwnnVYN2QnO6zM4nLJlx0eV
71610203099,GVRL0W4lO0X3cgU0YY9mefweV
71610203099,yVYepcBUZRcpYWRg8h0SCbmeV
71610203099,w6feOr5fEQICCUSe6rkM15zeV
71610203099,CVYGete0SCykwSq134LRPD6eV
71610203099,46NigXW6bxWlEsG2p5qV72peV
71610203099,OdxkJcjbTzzFzd1XMtfddQ6eV
71610203099,SjnMWfHEyXerrtXwhpmGRtxeV
71610302037,4S9ooETgxEBEEyZAIpaAiuneV
13971021004,kyUbxIJWrLrB3oS7GQ3gNdyeV
13971040043,kyUbxIJWrLrB3oS7GQ3gNdyeV
85000015810,oAc2KmpIkCLrcjC0nK05wFueV
85000034927,4i7xjyFsKLmuI81PKx0KwV3eV
85000014431,Oz4CBI513x4HfilEfdTmPUoeV
85000015810,2vODnrZg7DA22aTos1AqbOzeV
85000034125,I8GyrmmdpaAH5jOaH7iKDWkeV
85000032183,oAc2KmpIkCLrcjC0nK05wFueV
85000032183,aJuDYr6baLW288CtRdxE8seeV
85000029015,QEW34tSGzpE4hK1qb1BK2umeV
49000023787,0muhxfBZctzGEhDDtTV9Pk3eV
49000023787,wGd4lZIXWel33AAi7W5PzK8eV
49000023787,yJuOoNgP5bJjbLbe9PH8jn7eV
49000023923,69OwNgs7h0olSEa8fre23R3eV
49000023923,kgBqPSZR1fNP8TogZtcTReyeV
49000023923,SVs2ExRZryvKalDImG8mVhmeV
49000023923,UMV731B5LfjUqhWQwIIiXageV
8.51E+11,EyIfCFTZTMv037hVrXIeY75eV
8.51E+11,Am7thqw3xiJWjNGGsSvTbtleV
8.51E+11,KxQ8aVN9Vwcvs0Rh9HID1T1eV
8.51E+11,AYSMLT2Nya7VwJbhf17IDn3eV
8.51E+11,CnNaPekMHlLustTiwFHittkeV
8.51E+11,EOipATx3dmrKG7tz7Z8TZ7heV
8.51E+11,sEJ2P4KuPxefRlqqk7FRV2geV
17082877499,A2Bk7piiwp7i6vjeKH7OBI1eV
17082877451,QI24Fzcimxi6WoG1Qp4bMM7eV
76840100583,CPNeaAmUsj5PNAJOELDjecjeV
76840100583,ifFoNaIyhfgwGFHr2ZXzNGjeV
76840529872,csDHLeKS0wzaYZaMTpyTBNweV
2872728,OBvoIYz0Yf88VpKHTD58aNzeV
70330643321,kMBbfhKX86uqkxkPAGUIwWoeV
70330622401,GbIpYXcqkj0IJXrBLVclOpieV
70330646131,csBuZf6jeOoqVKwgInh72n6eV
70330643321,kMh9YxQyzDpYO6BFWGyNnbteV
70330633254,cEDVXP0gYTdwB9S1hA77fD1eV
70330653887,yntGIvTfGbsjjdxQb5QjT95eV
70330643321,y9mt2kyDkpo1mpSobV7bouveV
70330600065,c0Fip2iCP0vccN9WJBO6PwveV
70330600065,w8S9lJBn38ai3kAMuQdiPZ2eV
70330600065,C5K2wkVoJR26TBh7ULL3kireV
70330600065,WFhteOoFfbZ4VYxbXw07pF4eV
70330600065,2p3tRF6TyDjAYzgh7gZ3Rq6eV
70330600065,wwArNg19uTJFCC6oWZ8Iqn3eV
70330600065,Gnoie7KGgBi2hD8POfwk203eV
73854016077,Y6jp2awn180sjzHP1W9XjgmeV
73854016077,kqE7GJnBzJ67qSaWiSVSiw4eV
73854016077,G3sKPdKFg5XGa65j2tBv38ueV
71817000378,8yw2O6OjARbN4kv4nLzgzsreV
8.16E+11,YyBQdez1cwdNSNthbOLXZQxeV
8.97E+11,YmLGGp83kYJZSJ1q5QF3LbseV
8.97E+11,YsE1MZF6FeSrbmxDYjfekaqeV
8.51E+11,8uyeFyNPcrHPcCZl9DtPmo7eV
71610302266,StWDL5F2XVzAv2fROmKMYSjeV
71990170493,CblzKFeEqXjRRpdON50bnKfeV
71990170493,OjEq6xF8x64g2BpQfVGWb65eV
8.58E+11,i1mNOqTDoR8zl4nYfFrq03meV
8.58E+11,eRzskfwyd6E1YfaybuvpcB5eV
8.58E+11,yNibo8SBEzRMcrSYuai6ZtueV
8.58E+11,ci0wOoABiN7GXddoBkh8UMleV
8.10E+11,yz9pp2S3wQrz7eMAFq2J2d6eV
8.10E+11,i1mNOqTDoR8zl4nYfFrq03meV
8.10E+11,kyUbxIJWrLrB3oS7GQ3gNdyeV
8.10E+11,2tpnWdJtXyJhEcYmkn5kxpreV
8.50E+11,GDwnKPa3aTHj61ak98eyY74eV
8.10E+11,wY2yaHkyr5WQ7k6xnpVlb61eV
8.50E+11,wY2yaHkyr5WQ7k6xnpVlb61eV
8.10E+11,EER51Y3hyrEjQxR6PLL39d3eV
8.10E+11,AGLxf6RUIdOefNrQGmZuiR4eV
8.50E+11,2fQsLEBWnkXuFlIbJfyEvlieV
8.10E+11,AiHeot9pNSR2hC1xFwbirrpeV
8.50E+11,Q0wCroIKpuKZiCgK0d2UwLyeV
8.58E+11,YG3Eo8Rxnffwf16MUpmYgi2eV
8.58E+11,m3Ew4cMAg8YIebiQMzQBg1ieV
8.10E+11,MiEimtooVvfecNE5RsrO6SoeV
8.58E+11,cCeJUuxjl3cOHVoSHPhpkx0eV
8.58E+11,oiTXPDg3KTN6c8g3wRGrhl4eV
8.58E+11,cwlrzvhFpYv6ogx0wXpzVs1eV
6.85E+11,GJDVZTtAXQ4wqIQPyRQbaLweV
6.85E+11,qLZOcm3ZXJbRXtzuUCWMGvmeV
31146262571,yZuo3h0i2ZS292xuktnlYsmeV
31146262571,8m4tmopzRsnhBoEeBG5GRwpeV
31146262571,oqL5DvsMN3QbAKN4S6kKkHneV
31146262571,QyzmWr7tOt7lyyFDq9WuYt1eV
31146262571,8oRvFQQQA0dQCDCn63mYrtgeV
31146262571,kg7RkYqqA1m8kiFvTJEui07eV
31146262571,w6VlSA4regBuNivVdQ9Bz17eV
31146262571,IKZsBCn6816Ktqy8Tjkns1keV
31146262571,CrDczw9GnUas2ooNVQiAjsfeV
31146262571,AGLxf6RUIdOefNrQGmZuiR4eV
31146262571,eplDOnE7hgG0dGnMe3KaQ8veV
7.21E+11,m3C7G4M2f2ndubtqWtHCN38eV
7.21E+11,eHWWROlKGC0WQR8zU5U1u89eV
6.18E+11,CLBnhy9TkIWIyHx2P6FVSL2eV
6.18E+11,azj38CrnhbsnjDKSnvxGbageV
6.18E+11,0A7fCQvsZELasXDy3w72l3leV
6.18E+11,0uiry3tw6CQHNXqQcSR7Ha2eV
6.18E+11,KtUHiTdkAzlVpLqLWWuzmTkeV
7.21E+11,Cd8Y10wo7UMmbdgFlYTiE8veV
6.18E+11,W34CpGACiIfPNG6MSZCFvseeV
7.21E+11,oQS5EOuPvBQwagnGljC8ICheV
6.18E+11,m1xNPs3pXIxBJyKKb1gjHIjeV
6.18E+11,ajzZZti4qsRf6B0e8BtpuEqeV
7.21E+11,yThzdsuFwVHphnc52nOdwyzeV
6.18E+11,0iWuzgITSJqO3vOxnOuDN32eV
6.18E+11,qjvxB7GcPom4wHydYep1G85eV
6.18E+11,MCUU7vCriUFYTwtzRpm5gjneV
7.21E+11,Kz9iswswqu8ibP6GMLQPFfjeV
6.18E+11,8emcVEwYVWxtFyLVqLUxr26eV
6.18E+11,qbPdi3Z7hIBsw0YGdd7swCreV
6.18E+11,S3HjGGuZOu7elgkWN79X5FseV
6.18E+11,iT7UylO2UnPiPQh3jjcsK4eeV
6.18E+11,29VBMmBzVnXL6xLRK441Mi6eV
6.18E+11,yNibo8SBEzRMcrSYuai6ZtueV
7.21E+11,SnL5898wEEWa0WXzamKw4PweV
6.18E+11,smMxKlQUAb06Xhn0VUvNyq8eV
6.18E+11,6jDLOOcppjgUrlrcOQzfBnveV
6.18E+11,sQxL9mmKFlAoI3FllLJWJKpeV
6.18E+11,wCHkUHqVq0e3SZPaWXtujBzeV
6.18E+11,WtFntDtrJOQGm53TcUYhZSieV
6.18E+11,kApa7Ny9eYnXSe7mJare4y7eV
6.18E+11,gyXSGTgGBqFLMhsHFoqtx8keV
6.18E+11,EkLUWfxgGZy3QgxZdVs6Y46eV
8351693,yjPw26q6d8RyKV1rB4okALfeV
18200250019,yZuo3h0i2ZS292xuktnlYsmeV
18200250019,GDUZEydLgSpXfmKjaOnHfcteV
18200250019,M6GPdiJ3kxQBEb9M4KD4QJheV
18200250002,yZuo3h0i2ZS292xuktnlYsmeV
7.22E+11,6vnQ7tP5LFfMeFEp7qRcwoueV
18200860317,oI8udPcXgq2MfE1GIlVmTa8eV
18200860317,ObswC9j40CuDJyCS6XWKaP7eV
18200203817,WZBGdUjylAYoS7GIzlt9xpzeV
18200203817,KxQ8aVN9Vwcvs0Rh9HID1T1eV
18200203817,MIRNZBPwwt5BzU0UmcyMe37eV
18200203817,4CZKI4VnMV8mvmTegqo8gZteV
8.58E+11,EyIfCFTZTMv037hVrXIeY75eV
8.58E+11,mniZTOntCaaZuOKUBJW2PppeV
8.58E+11,Ycw7Y66BMqlYs8v0YXeBPsveV
8.55E+11,Oz4CBI513x4HfilEfdTmPUoeV
8.54E+11,Q0aPzqYr1edfJolHdWGvBIweV
8.54E+11,MGA7KWCUuUOVdJvL9tHI02peV
8.43E+11,iBKMWWNqoaSTP1hsqRiBEYoeV
8.43E+11,MY9nV5902WuvD77Jg5jKvRgeV
8.43E+11,km6T2uRv4IAuMlbfvgAG8U3eV
3452406,YI0mkPw4Pu1CAPsoclWYyFleV
3452406,c2ALno5bLkvilEeDKWNE6jseV
8.16E+11,c8NgxzYtIzIqKSmXkPC8chzeV
8.16E+11,4UmwiaOxzGJjWYBs31g1sd9eV
12300107921,iJSWSixKfpO85YqYkLwOU96eV
1230739,0us4incvQqGcaoFEwKuRxefeV
1230739,2fQUl5wPUuRphmhoUsJjAvieV
1230739,goyaMmX7x2Rlvuddha1MJGmeV
1230739,00LcRD5cDvfbAYA5DG5tZPseV
1239439,Oh32PpGbTx1iobMZ3RICyoyeV
1230137,kMBbfhKX86uqkxkPAGUIwWoeV
12300265706,ES0taf28hFLyCtiNQDU6gh5eV
78000152463,4QAuGkkxUtEW1LiVlVXkEGzeV
85000032732,0YPJLJCCWa1KB33Klq2oSQAfV
8.16E+11,4i7xjyFsKLmuI81PKx0KwV3eV
8.16E+11,mncUED7sZcD9aIUpfNkhSj5eV
8.16E+11,0whC8MGQamEPEm56yQqPdc2eV
8.16E+11,UULE98j69gqFw36ZJyzIhr6eV
8.16E+11,osYFODsf7j3DuYrAjCc8mcreV
8.16E+11,CBeCAr9ZFyS11Drpfqbq82feV
8.16E+11,ulhyz07x3IdEaf8xkFWLfcieV
8.16E+11,sUTBSpTk7MkD9FmAmlm9m30eV
8.16E+11,QeRy61K5PHACW38vqWnQketeV
8.89E+11,i5SeUgMnjPD6gcK4H9EyKSleV
8.89E+11,Q0wc2DuCJ2XAtqFcVjnahmheV
8.89E+11,6LPhdjigNDnK3kkcNKbSSQzeV
8.89E+11,soNdsniVObileQbrh3CJNlfeV
8.89E+11,ODMWWPNE2z2VX1dntVp0dEueV
8.89E+11,wmROZualh6tu6Werv8qg2MieV
8.89E+11,MUF4F04Y1qchze14VookUS0eV
8.89E+11,wQYlMoc0cGKJswkvmYWH6EveV
8.89E+11,adGIXPY1rq5I7lHKMCvuPX5eV
8.89E+11,Wze6lHkDBrg6yHhwHJmm3FueV
28400589888,8oRvFQQQA0dQCDCn63mYrtgeV
28400590020,USQHrRoqY6blbkCohy3O9nheV
28400589888,OZbKdIccQm3j0D559wFpuDpeV
28400305785,oyRKZ244P1Ok5IsKzbCuBdkeV
24100204113,Ohdnidn3JHM9GgWTEBkYhCheV
24100204113,yX1GkHZoOZbFhisfQZmOVTweV
24100204113,iJiEZU3BCAilV5P3I0e6lbyeV
24100204113,CNKd85mtEyWNY7sb4rUT2CoeV
24100204113,apgup9MWXPK2kda0QEm37iyeV
24100116225,2xnNyBpTXICAouHPFG0eTB7eV
24100116225,KjVczZEI13dt9oBzMpMrnayeV
24100116225,SjRRcow0g3esAkWPw39vApmeV
24100116225,gEYyYxraOTaJPMo4sA3ScGueV
24100116225,w6VlSA4regBuNivVdQ9Bz17eV
24100116225,KFSQShQ4BLASjXVn6664mVzeV
24100116225,yJuOoNgP5bJjbLbe9PH8jn7eV
24100573820,4OHCiINKBYeHB4usz67XeineV
24100116263,65uZbbB5AV3K247E5HzQJ60eV
24100203628,WvsgUdVUn69Oxr8OhAlBAmveV
24100203628,uTWp9HNW3YnTdsToh5Bhxk8eV
24100203628,4m5LtKcVjEqAKgpaIAUYXrneV
24100114238,6n72w3OdikFXZD5Ja8VVQSleV
24100000258,c6MaKxU2tzxOMHUz8beryF4eV
28400589895,QGbjz2RRgiqdijTgu697gdteV
28400589895,4OFzdXoyVGw60BHUnqZtfX3eV
16000144248,apEspwP8GPsLuBUV6YfNE6leV
16000168916,uFBQSgcOgrV7oyWs8z4YVsweV
16000512351,SHxUO4tEhxHb3mm5MTjB7N2eV
16000507326,weHBeHuWg5dih4LQ6STsNE5eV
16000507326,8iiNDQxwXUbUcF5qklFok4reV
16000507326,8oRvFQQQA0dQCDCn63mYrtgeV
16000507326,GTM94PmifQSJO6kFWQq42umeV
8.74E+11,QwaqSfWhSghcDO8rGmVtyeveV
8.74E+11,Yq563EpfNd51GlsZ3AJvtApeV
8.74E+11,Cp0fsQEd1kA62gx7hn3Bwj5eV
44000043148,Aal5NdnO0kQwuPkTXmjpnE4eV
44000032210,Aal5NdnO0kQwuPkTXmjpnE4eV
8.15E+11,WzYzVOBcvpusa3b4lmPiRbmeV
7.16E+11,Amlw4ik5wY99gi1KSTxLVh4eV
7.16E+11,YaZ238KphpbRLLtqfnX1Z2jeV
7.16E+11,w8S9lJBn38ai3kAMuQdiPZ2eV
7.16E+11,w6feOr5fEQICCUSe6rkM15zeV
7.16E+11,GXyxJBDGj8i2pEjyMQ8DD91eV
7.16E+11,StWDL5F2XVzAv2fROmKMYSjeV
6.39E+11,oSblMmb51IGKUPIkbsQeMx4eV
6.85E+11,Gt70lWH1JMKxTFp6uEgxQ5zeV
49000050103,OLmp6Dl5Obqmz7pIUadyPCfeV
49000050103,arFMfnpFjvFDEUEVbFVd9cyeV
49000050103,gYOUGXe7iBTCt9HKaLAq2sseV
4904500,soNdsniVObileQbrh3CJNlfeV
4904500,YI0mkPw4Pu1CAPsoclWYyFleV
4904500,QcKBVKmrJnBmKFW1IJsqqtgeV
4904500,qV0v57Xjd2UWckaQojT6XcgeV
49000053418,0YbvDLJeKWSyxmX1y7UoBdkeV
4904403,69OwNgs7h0olSEa8fre23R3eV
4904403,yLt1G0H33UMuakyBzkpHcjgeV
4904403,EMNPeOb1C3yQP8vB1gvBaXoeV
4904403,KFgbOsbYjYQjydH04afMjNfeV
4904403,YEaCqAAmGap059ymiMciUzueV
4904403,0OK1RfHsZNkAPsSxalnry1leV
4904403,s6G3Xsgb1yU5D7zYxCH4btjeV
49000040869,G1v6Mco8vo4KXqA8VGeXNHteV
49000040869,4QAuGkkxUtEW1LiVlVXkEGzeV
49000040869,UIL31WO9XWKUpVhjk6ylkWyeV
49000040869,6fXIX4BRK39IxfV9nzvWH1leV
49000040869,CDb2HvMewziL0vOhvCXZ0B4eV
8.54E+11,YyBQdez1cwdNSNthbOLXZQxeV
8.54E+11,qpGxYF8p62CDr6JK4EreuV0eV
49000060423,8cLjTy0kjHNSWcNpfy4aYmAfV
49000552072,Uac5YsAIbeYLRWA65JWmuOAfV
49000552072,Eq6gBVyOmLVQI692pI08d01eV
49000552072,yHhw6u1OpLpWLbRIse7tUf7eV
49000060423,y5slcwnYLjBwL1ycLtxypKyeV
49000060423,Y0eORmGRNs8mpxaR03mmiG7eV
49000047547,EG0kSegrGak8LJxl751lgz6eV
49000047547,mBtUbZEC7TFAnF2pRvMRIwkeV
49000047547,oQCvD2a1kOGeQ8NvHRNj3ppeV
49000047547,WRntUly5L0pbJryolTRbAC2eV
49000047547,q1ekHo16PfxGtjhjV98e7d1eV
49000018011,ytGFG3A18yf0EXkJpQNFz7oeV
49000018011,G7wrhamUcFfnOOpL7RMaYkueV
49000050165,eBjk2xkqlOFhfdZmtwFVr4veV
49000018011,KHH2ua35JPJG8UoIQDlyHy5eV
49000018011,2XoKNbodWMj8bz1FYF6UiNseV
49000073904,OHeeq5npZogZeV2YH6IMGD2eV
41419781630,a7fbGbKLlsssxKa1lFOqg4yeV
41419781630,Uwjv2fLOn4u12JYUXmNohkheV
41419420089,4wkw4lpSM83jRlE2G43YOPfeV
41419420072,8iiNDQxwXUbUcF5qklFok4reV
41419420089,wGd4lZIXWel33AAi7W5PzK8eV
51497363284,AE04e9D8eiPPeqY6EraQdQweV
51497363284,Kzhw6s8Fmw0DljtUssiGQRueV
51497243807,KRIMcxekM3apDA8OL9CDqWreV
51497363284,y3tYbRCT8gDo53o5doJo0e7eV
51497243814,0wVk4epQDczmjdtztax7KT1eV
77567008220,K7hgZNB8WJhs07S27kDogWheV
7.88E+11,cuILYCPkepKCOCRej9sRUfmeV
7.88E+11,c2Ck7e2lyM0ziGul3z9VJfyeV
71990300173,eZDaIZb5p7taK3qinyIyUzfeV
71990300173,CnNaPekMHlLustTiwFHittkeV
71990300173,4C9ksqci27uouWpRRs3PWKreV
71990011277,CblzKFeEqXjRRpdON50bnKfeV
8.53E+11,KjVczZEI13dt9oBzMpMrnayeV
8.53E+11,GrEb6qKdOeCVxbVhF5LPC2keV
8.53E+11,UkNTs5w6cyqsL9yjhSNZElmeV
8.53E+11,QAuMWUPYCyGgGxMRYaSMDFkeV
33544950418,az9aFp1iuaSoXw3RjYyAL4reV
80660956152,g4MLws2pgrYsTToubl0X1GreV
80660956411,yX1GkHZoOZbFhisfQZmOVTweV
26200464640,OjEq6xF8x64g2BpQfVGWb65eV
26200467726,YiBUZGy2w5k6ycBkOysFg20eV
83900005764,4CZGGiW9KuGxQtqWkrplki1eV
28435310112,qloLAhj2rYsJY2VnCrvehGgeV
28400516310,2tpnWdJtXyJhEcYmkn5kxpreV
28400516464,S3vTyZaG8uxCZhxqPnPCxP1eV
28400516464,4aV2Uhvw4MTAXaW47GImZ5keV
28400516464,sOiwBpaCC4Jmjd2UdixJbEkeV
78000082463,69OwNgs7h0olSEa8fre23R3eV
49696736664,Qca7ABRRfEIkzVBZJfdGRz6eV
71610203259,eHUzWP2NbMwvn96DmF0ef7yeV
71610203259,ci0wOoABiN7GXddoBkh8UMleV
71610203259,yROsIfrjMgnSm3rVkq4cgk6eV
49000072389,2rstOA3DHJHgQbCx1GOeMu8eV
49000072389,Ohdnidn3JHM9GgWTEBkYhCheV
49000072389,uTWp9HNW3YnTdsToh5Bhxk8eV
49000072389,0wftCy9CkgVJVwTocc7WEc4eV
49000072389,69CgGlF0okGhvoWpbHSTtQ8eV
3.02E+11,Eq6gBVyOmLVQI692pI08d01eV
71610202702,2l1VF79J6VAVLmVcG1gxB7yeV
71610202702,udzTm4rzZuNTmtZVNIIKAiveV
71610496682,kOs6WMNDZsTwey2j12CG0sieV
71610496682,yROsIfrjMgnSm3rVkq4cgk6eV
71610202702,Q8U2ZqQTpOB6H0HH8G4T4v3eV
71610202870,YmLGGp83kYJZSJ1q5QF3LbseV
71610496088,EWql1Nk1T7ksM0rEUkwPcTneV
71610496088,UM17DvZz8PPstybFhqhp5pAfV
71610496088,qRQadSrwXK9D3VrzVnqtzkieV
71610203273,oiTXPDg3KTN6c8g3wRGrhl4eV
71610203273,MkTJSzqEfWaR3Tp2E6sG3T7eV
71610203273,ci0wOoABiN7GXddoBkh8UMleV
71610203273,AGLxf6RUIdOefNrQGmZuiR4eV
71610203273,Q0wCroIKpuKZiCgK0d2UwLyeV
6.98E+12,AapB2GkbWvbtBDXKd9t1cqxeV
8.88E+11,mVNxUhwECmAXeKa5EemJ3sveV
8.88E+11,gCfOmCnJqTfdqYeyqRkiRdgeV
8.88E+11,Whnp4ZP1mWQUrRT7etYH9f3eV
8.88E+11,6bZKdtmxiGMTrm2ylkUnlFueV
8.88E+11,23o6T80EY8d2MAxHVbBbgPueV
8.88E+11,cau7cGLkLtO1Hlssv6YjN7keV
8.88E+11,c8Nu81ANawxQ7ja2Sy46QekeV
8.88E+11,eRzskfwyd6E1YfaybuvpcB5eV
8.88E+11,MK6rOjMDu5Lf6Hl51UDLTmweV
7.16E+11,AWbPCp3K0KzT6QUoHV3P1CreV
7.16E+11,ibLQZXCZj3rIH5P0jSXRfYheV
7.16E+11,S7PYDMEZ7f5qrLC61PKbRyfeV
7.63E+11,iJW2bz7GDMg8qWQnxFrGle6eV
6.94E+12,oQOPAA7L9POqk5ziExonsOfeV
6.94E+12,qhy1cwexKtXPNPlhoOxN0HoeV
6.94E+12,SZ05yIBhXRSRgSoJedY2gsAfV
6.94E+12,e7WnsYfuGMI1Y21Xn9c5PYoeV
6.98E+12,WhN0Wc2uFQNy9T0HtLfXkL8eV
6.98E+12,2xT3YVycrzcQBnzdEX7iY08eV
6.98E+12,udjL8bXf36A138zseZMBfX4eV
6.98E+12,qtgpiR1HOVLEzyd8poIEoyxeV
6.98E+12,G5rjWkBJFlzz9lt7djwo859eV
6.98E+12,y7jAmlReoC978NpEKsbVePueV
6.98E+12,S94EbWoBRBQdf0ERTzDCKMqeV
6.98E+12,s4pLQYm3bpAXPVyepJDKvijeV
6.98E+12,wmrFuwlQZNGEqVmUIe2bEUpeV
6.98E+12,UgVIYhtHnC7iAYu4xQ4RCvfeV
6.51E+11,iDXaIp9uuhCsOZ7uJWptl50eV
6.57E+11,2tpNTwmKslAieewwCcf3uK1eV
6.57E+11,saEkOs9SWbB4FQqtSZlpRg0eV
79298000078,cCeJUuxjl3cOHVoSHPhpkx0eV
79298000078,69OwNgs7h0olSEa8fre23R3eV
79298000078,u3aSpbKy7JN8ZWOhkM4M5DmeV
79298000078,w4kHfKDJbqqdGL6YzJXASjqeV
79298000078,yPtw0q0cu7gQq3fXlUL4ZKreV
8.10E+11,MO45IcqUyzJWDm2VARzXDcfeV
2289106,azj38CrnhbsnjDKSnvxGbageV
2289106,OlN4p8C8rWr8x7VLeguwG9ieV
2289805,0CGU8rAna0bpxNurFHs0INleV
2289805,UMV731B5LfjUqhWQwIIiXageV
2289805,wYE7jbO9yIe8HHLVhxzVna6eV
2283801,gMUC2d4mjOmwTtkFWmEjnkzeV
49000067736,IMW6Px1Be8KLkAsjtwYEZ4zeV
49000019162,8cLjTy0kjHNSWcNpfy4aYmAfV
49000019162,YGZD7SDC442U3PY7BzK69j9eV
49000067736,ihe6ChNaCYtCujfgmPeekWweV
49000067736,4ss5Ywj6rkeXDDBBiziUQYveV
49000019162,WzYzVOBcvpusa3b4lmPiRbmeV
49000067736,sIZN1Py4P313oMormqMoaGAfV
49000019162,s6G3Xsgb1yU5D7zYxCH4btjeV
49000019162,km6T2uRv4IAuMlbfvgAG8U3eV
49000028201,6fXIX4BRK39IxfV9nzvWH1leV
49000028201,sUv5FqOj6iCphegaeOyG9A3eV
49000028201,0muhxfBZctzGEhDDtTV9Pk3eV
49000028201,yJuOoNgP5bJjbLbe9PH8jn7eV
8.12E+11,kE3YBETNtBQeD8CFeS7a7SoeV
8.12E+11,idAm9y2IKFfZynYTU4VW8C0eV
6.33E+11,IaPT987oAmK5lEHshHk91VxeV
6.33E+11,mVjkWYqFR1S4k9HNTcxcrY0eV
6.33E+11,OZHkZxoF0B2MrjedNeoGYNxeV
6.33E+11,cwlrzvhFpYv6ogx0wXpzVs1eV
6.33E+11,QAuMWUPYCyGgGxMRYaSMDFkeV
6.33E+11,CnNaPekMHlLustTiwFHittkeV
6.33E+11,kcHYybmzwqteFmXEjGnpp4veV
6.33E+11,ORtBh7Qz9n6BvEBilExmDaieV
6.33E+11,ISBWH3Xao08XT6nPPuFe04meV
6.33E+11,uT2fKq48Mu1c6S1jgDeXa1keV
8.50E+11,cCAE3ZxYqQs2dNgA9UPMpJ4eV
8.50E+11,m9RTTMp3CWKD0hSbYab1EpieV
8.50E+11,2RfRSx3eJqIZxKL6nvAKbm0eV
88004040895,GrWcaude7iaKjWXrm6ONZZ4eV
88004040895,g4MLws2pgrYsTToubl0X1GreV
70662095010,ogIEkfNxamleOgf4zf6EgpkeV
70662095010,KVIv61nLZoVzbfFCzOh8duueV
70662095010,cuILYCPkepKCOCRej9sRUfmeV
8.39E+11,GJJcr75WGTt8PlcA0bGAoz0eV
8.39E+11,0meRBnQ9eTKajlOuOtyBsKneV
8.18E+11,sMnft2DtmN6mzI7pe3rzwIyeV
8.39E+11,izx7E1Ymr05KL6U9h7KfuM0eV
4.01E+12,ahYcbY3YxZkjkVQ12KhIJKheV
8.60E+11,yRacPM1HoM3NndStQA82mcneV
8.60E+11,m9XcM1qOGoexrETej3sIHD6eV
8.60E+11,YIOj4T1fQcBiVkB31XBBHpgeV
8.95E+11,I8GyrmmdpaAH5jOaH7iKDWkeV
8.50E+11,eNxi5uNyd5wJKnSm7eSwDrfeV
8.50E+11,As06SMlbgOEgEieTnZIslireV
8.50E+11,I6B2O2eiBstA4qrqdUC1jvxeV
8.95E+11,I6B2O2eiBstA4qrqdUC1jvxeV
8.50E+11,AYSMLT2Nya7VwJbhf17IDn3eV
8.50E+11,mLAHrgrkaFLmksUyJQHk3e3eV
8.95E+11,mnsOxjYh3yscjZaGen65kO2eV
8.95E+11,ICByZmFo3dEXlpehdrVQX81eV
8.50E+11,mnsOxjYh3yscjZaGen65kO2eV
8.50E+11,I8GyrmmdpaAH5jOaH7iKDWkeV
6.85E+11,YCT3iC6DXcV7K1PkPorrqczeV
6.85E+11,yThzdsuFwVHphnc52nOdwyzeV
6.85E+11,KFSQShQ4BLASjXVn6664mVzeV
6.85E+11,qjvxB7GcPom4wHydYep1G85eV
86000000127,wAm4y16SE8e9sgi61pMYz2feV
86000000127,K9aawVJ6R1A6wLl6FZuBNNseV
93835276993,mZDzYt4no7zON8bUDc8Mp31eV
93835276993,utpMnmGbxFxmsBhU0xcL2BjeV
93835276993,kOskj4rEu1uVMIEC5zqR2treV
93835276993,Kbfzz7FZVlNQrJF3uKA8Ag9eV
28400589314,GjqkmRhFbkbGPsZ1gxeUcb3eV
28400240192,6xYALJ65HnyMQJdRGRy8D0jeV
8.50E+11,GdJLvgTJ3RoHi2zroDbfBMoeV
8.10E+11,eNHvkLTBEJOsPZsk3oMRMhweV
16000502789,YCP7P7SQcKYIejSbtKojhq8eV
16000166998,CjhjSKb3OF7Gxhod1QeWSNmeV
16000166998,ifde0bGpygXzp40X8Xldqs4eV
16000166998,4AYioA2bTgi5apNcxsqmQYfeV
52000047660,mVjkWYqFR1S4k9HNTcxcrY0eV
52000050295,8m6egrIugdetfqMF6HVzKb7eV
52000328660,SVs2ExRZryvKalDImG8mVhmeV
52000328660,MK6rOjMDu5Lf6Hl51UDLTmweV
52000328660,0oZYivj3HlechDHcAlPnY2eeV
52000044263,AY8tDkORa9xAIwG0r1deAUxeV
52000208443,8m6egrIugdetfqMF6HVzKb7eV
52000208443,0YVgppBAnfe58jr9WJRxpEjeV
52000208443,EmI0pIhdgSol3aPYaLwERfleV
52000208443,06aAKOobrONx1TUm3w3rmUjeV
52000208443,IOJhKRI2JSyycVe0gQia53keV
52000208443,kKIBa4V5miSHl2FASMV3tAoeV
52000102451,wg0NBXUfjXFLyFkRT8Dpoh5eV
52000102451,8m6egrIugdetfqMF6HVzKb7eV
8.10E+11,ocuwUXGuSUxbktCPSmVvZvkeV
8.10E+11,ORj0xVmaoRSUSArGobZCfO7eV
8.10E+11,WfCB9f8z5216zQQtQQe4Ll9eV
8.10E+11,yrfQfmTDvQgT1sLEdSSE7MoeV
8.10E+11,wcKhhVO4D1sZzBIBWTzhLqjeV
8.10E+11,IgKxmYFAjm3uouBdpVBlOtweV
8.10E+11,Kz1uM6ziDLQ5Ri4ogPLIjQueV
8.10E+11,OlN4p8C8rWr8x7VLeguwG9ieV
8.10E+11,MYxNfzZYrHI65DYKotQN9wueV
8.10E+11,mNbO6pLbXt9zy6OLxs2PlJ7eV
49000071542,kawj53HF8m3je4t3ajhIdaqeV
49000071542,ggspyxdBBETC6M4Fw8cGPtleV
49000071542,Emq5nQOCd15RFp1HD8BJqE7eV
49000071542,uVxybN0pVkQHjimarQM8OfveV
49000071542,ibLQZXCZj3rIH5P0jSXRfYheV
49000549072,YG3Eo8Rxnffwf16MUpmYgi2eV
49000549072,wSpBwde0NVGx6tjHFZ0Vn4leV
49000071542,8yw2O6OjARbN4kv4nLzgzsreV
49000067934,YGZD7SDC442U3PY7BzK69j9eV
49000067934,6vBfSiMBdQknk1neX4TqXwreV
49000067927,ke2zOksgu0jSpOAlvUP4xt5eV
8.10E+11,88rFC7K3yjiS5sT6vMkgb0peV
8.10E+11,yXzjHfqPA2UmFNpcflP3QY8eV
24100103454,c6MaKxU2tzxOMHUz8beryF4eV
83820234800,oqL5DvsMN3QbAKN4S6kKkHneV
83820234800,QyzmWr7tOt7lyyFDq9WuYt1eV
83820234800,kg7RkYqqA1m8kiFvTJEui07eV
83820234800,IKZsBCn6816Ktqy8Tjkns1keV
83820234800,IC1uia9MCwXKFnk3KoBnkh5eV
34856050124,qloLAhj2rYsJY2VnCrvehGgeV
52000043334,0QT1JsbtVMJEWT1NUJEDpeoeV
52000043334,Kb1cwe3TeYJqw89zBfM9THxeV
74570114009,SjRRcow0g3esAkWPw39vApmeV
74570610075,UkNTs5w6cyqsL9yjhSNZElmeV
42238750135,s4lx0CZYJXU7Gt12yEfwURheV
42238750135,OpBFFle8clyK4CgmPcrHWAreV
42238722149,g4CsJdlfymPWgLO1xNAXBUueV
42238722149,mlLqXHeWtxPoXpDkWCipD40eV
42238722149,Q40VKb0aJCLIGLIRx89REaAfV
42238722149,0YPJLJCCWa1KB33Klq2oSQAfV
42238309777,UysfWknRUQ9uUarWRqHwoDfeV
78000004083,65iZqnKEKgmcuDrDNe79fEveV
72890001191,oqL5DvsMN3QbAKN4S6kKkHneV
72890001191,QyzmWr7tOt7lyyFDq9WuYt1eV
72890001191,kg7RkYqqA1m8kiFvTJEui07eV
72890001191,IKZsBCn6816Ktqy8Tjkns1keV
34000196401,km6T2uRv4IAuMlbfvgAG8U3eV
3422104,WlxrJKvvvOvdd1zxjym60QmeV
3422104,oetBrk7uj8VdroxlszpsIG2eV
8.50E+11,wsocTSqimxMCzgQ85CqFX30eV
8.48E+11,kmqjgxRyMi0n0uHd2KYdH79eV
2206705,Q8gGSW7uc0syX3y2L0RHiBjeV
18200250125,8emcVEwYVWxtFyLVqLUxr26eV
18200250125,qbPdi3Z7hIBsw0YGdd7swCreV
18200250125,YCT3iC6DXcV7K1PkPorrqczeV
12546312417,IMKkjvdJ2V6DeO2Yz0nXOEqeV
36632078186,I8o1IYAuiPf1FziYJZ1rp6ueV
83046453375,Y6h8GfvayF7fWvY0iwgqiYseV
83046453375,UMNFk0zhaY5rGuE0sWKYKmfeV
83046453375,QWLdCWG5OrenOIbY3ztRc27eV
83046453375,67PpjJgnKjRWlaqKdMXSiz5eV
83046453375,MK6rOjMDu5Lf6Hl51UDLTmweV
83046453375,gCfOmCnJqTfdqYeyqRkiRdgeV
83046453375,Whnp4ZP1mWQUrRT7etYH9f3eV
83046453375,eFr7gjPhWny4opyEsmgM1f7eV
83046453375,iJiEZU3BCAilV5P3I0e6lbyeV
83046453375,QAuMWUPYCyGgGxMRYaSMDFkeV
83046453375,068VgUuBP4O2tYK0zC5ELL0eV
83046000043,A6n2xIOPpovSHpv5Pa1ODupeV
83046000043,kyUbxIJWrLrB3oS7GQ3gNdyeV
83046000043,O1TzLy08Iom7WpwgAwWY70reV
83046000043,2h9SbQTSeQG5uj1DKGqZwcAfV
83046000043,kOAQqRKgtaCldT5D9K6JdX1eV
47995855055,S9AA7Ew6YtVnkl51cgSm507eV
82184226018,QeRy61K5PHACW38vqWnQketeV
28400712972,2ZxOTykvnQ8oKpdGXBCsUxueV
17082889669,wsOxuVdSMlKtkZliq0GmoveeV
17082889690,yJuOoNgP5bJjbLbe9PH8jn7eV
17082879820,wsOxuVdSMlKtkZliq0GmoveeV
17082600035,efO8lGWuvKlrpl5EUHXTEeseV
17082600233,A6rGYs8HwrTw8AdF5rF0DbueV
17082883896,qHJPqxcq782UPSiKck4NHM3eV
17082883896,ipqkPqry6ObG0KUjxLtIgEreV
90478410043,qvDeeQg7Jd4f8GgPmFf6JUteV
90478410043,wUG3GoNwwreZ0yf8DifALvteV
90478410043,gyFrl0By39xeTXOLQH1rUZ0eV
90478410043,GjqkmRhFbkbGPsZ1gxeUcb3eV
90478410043,sEzFW90fIfKvjj5dpOUjBmleV
90478410050,UAxExaCYNVwiybfmBtug81ueV
90478410012,AUUK9t80Zq0qdFhLjJ2duOjeV
90478410036,YGZD7SDC442U3PY7BzK69j9eV
90478410050,kQzv7GXYL14XLTTjiFfhJGzeV
90478410081,iPTVsPhxLiirM5Fo8Pmqb7feV
90478410036,SjRRcow0g3esAkWPw39vApmeV
90478410036,65m9heaBJYkBNPOX3l0F6C5eV
90478410012,SjpVGdvYWvVrnztRMeKE4SveV
90478410036,mBJkEx20nQ2qntJnMTagbhreV
90478410050,23o6T80EY8d2MAxHVbBbgPueV
70847812609,uNtEGqa72zvXuAjrYCKUwNqeV
10700858368,mJpKQtGTsMAGSNkxCPJfSgAfV
6.20E+11,Q0aPzqYr1edfJolHdWGvBIweV
86785450698,IOL2MNabIDrm6duZ3aD1KozeV
8.10E+11,8m6egrIugdetfqMF6HVzKb7eV
8.10E+11,GDwnKPa3aTHj61ak98eyY74eV
2266707,Iiz3x7qNiEDePELMYk6xA45eV
26200238920,o8oXNh5RTr1DO07wVwpj84ieV
8.20E+11,aZYcwzRfeRs3BkM2jCeD96peV
8.20E+11,2d1T7diKoS9SOrxWItv5vS3eV
8.20E+11,iR4NNm3zVvQzaIeM1sBoNAxeV
8.20E+11,ir3ceRVzMQQSbcTJ4y6HZw0eV
8.20E+11,sucD8hDK3YztJK8qqeVSoE7eV
6.79E+11,Kzhw6s8Fmw0DljtUssiGQRueV
6.79E+11,QYg34lkLjwqT8R7XG6dU5cyeV
6.79E+11,Q8gGSW7uc0syX3y2L0RHiBjeV
6.79E+11,qbt6tpfWgbPMmAfjkWvGGcueV
6.79E+11,kKIBa4V5miSHl2FASMV3tAoeV
6.79E+11,YsE1MZF6FeSrbmxDYjfekaqeV
9917439,s0DJibVPsDMQ66pkkCwFEeyeV
9917439,iNIYslBQoRsuYQD8RX8OfRseV
9917439,mbkt3amxRS3AlNWdP8LNxvfeV
6.71E+11,uxHk8qaeREDUkTcfoPozVW0eV
6.71E+11,mXmBuv9dYTVMBM9qaGwFiupeV
6.71E+11,q5elWdAS6VrYfdeKCr1FAYAfV
6.71E+11,uVbzLm0cANg2rssCzx7pqkmeV
6.71E+11,c2ALno5bLkvilEeDKWNE6jseV
6.71E+11,YmLGGp83kYJZSJ1q5QF3LbseV
6.71E+11,oUsJGa2YA6vuXKldZfveLLqeV
9800554003,8IdZtVU0KlHU5Uaxw3GfMg7eV
985234,YEaCqAAmGap059ymiMciUzueV
8.10E+11,CpIL3521ZOMzQq1ihClBPyoeV
8.50E+11,el9q1Aw8GlLbgR3LzYSyYN0eV
8.10E+11,0wVk4epQDczmjdtztax7KT1eV
8.50E+11,yROsIfrjMgnSm3rVkq4cgk6eV
8.10E+11,4o08PETApOkEutSKgypgL1ieV
34000140251,IMW6Px1Be8KLkAsjtwYEZ4zeV
34000140251,wY2yaHkyr5WQ7k6xnpVlb61eV
34000245222,Ohdnidn3JHM9GgWTEBkYhCheV
34000996629,Uac5YsAIbeYLRWA65JWmuOAfV
34000996629,WdZZ501Kv7bhjxThuaqAwr7eV
9057136,GjSwatfY4XExatGsQbnbwDzeV
28400199148,2XSb5MpD6TgzeJ9LV3Z8YG2eV
18505144181,g2PVGLHTl5i5ln55P5z5pxpeV
81635314014,IChKXTFgPLkvdBhhDWEktqreV
91585035228,2l1VF79J6VAVLmVcG1gxB7yeV
81635314014,C5YP7JrWAvYMUofTCHG0382eV
70330639393,iXhsvmMk0o4plPCepqO4NM3eV
18505136933,uxRxGlYFzWJZftgYh9USa3geV
70330639393,yntGIvTfGbsjjdxQb5QjT95eV
81635314014,ShecMTudmgMpy5p0rtAGS0feV
37466056258,gexCZ3RuaEUZNLBp0amC4cweV
8.50E+11,EWud6iKi4aKa2Pwr24krAOyeV
8.50E+11,AgWOCiamilctJ5V33TCngWpeV
8.50E+11,G1hJbKc1VdlE6HwjRBpiVqkeV
8.60E+11,G1hJbKc1VdlE6HwjRBpiVqkeV
8.50E+11,UAxExaCYNVwiybfmBtug81ueV
8.50E+11,GjyokcPbI88wkNngJQtO8cseV
8.60E+11,iR8zfW5E3YAOCQTCc1MtZjreV
8.50E+11,GbIpYXcqkj0IJXrBLVclOpieV
8.50E+11,eRZBhluhmFT1BUiViXuuDBqeV
8.50E+11,YcorCmAddhV2lKXcKKfrQc4eV
8.50E+11,yPtw0q0cu7gQq3fXlUL4ZKreV
8.60E+11,yPtw0q0cu7gQq3fXlUL4ZKreV
8.60E+11,MoXKEeRXFg4azyrJ3NKQiyveV
8.50E+11,MoXKEeRXFg4azyrJ3NKQiyveV
8.50E+11,SvtuRGGnTrwAZC8eitCESzteV
8.50E+11,Q0wc2DuCJ2XAtqFcVjnahmheV
8.50E+11,m5f9sCw0wVtF335apqmFBVoeV
70847812715,0OK7gfsIzDD2TMMcaiBYqtteV
40000549079,Kb3NcATZSCXjmJRhmCAhrjfeV
4043108,CDb2HvMewziL0vOhvCXZ0B4eV
40000017318,QYOqg0fma8XmQ1dWZzwDeEjeV
40000017318,s4lx0CZYJXU7Gt12yEfwURheV
40000017318,65m9heaBJYkBNPOX3l0F6C5eV
4022309,CDb2HvMewziL0vOhvCXZ0B4eV
40000017318,YEaCqAAmGap059ymiMciUzueV
22600642039,Qw0fss9safrACIHMAnau9nzeV
77567132826,ORLqKrP4ULOtoM1UrBB67lAfV
22600642039,yfbNbTQiT5mUKqzSc6L08DueV
89540535388,idAm9y2IKFfZynYTU4VW8C0eV
2896427,c0Fip2iCP0vccN9WJBO6PwveV
2896427,IUg3kdTsX3uRlGECtqAqa4jeV
2896427,ceS8KplhrQIfMwtOCFv5cN8eV
2896427,MaKvgMa0IRgN9ev5zXQPwS0eV
2896427,Qs21Ex0SMvA4cxHw1C7ipo1eV
2895428,eR1fpbp7X698CO25iuCO7H8eV
2895428,iXFKztcIUe25BilUG6bJPo8eV
2895428,kEdbTZPhZYY5WLA0BsE0IPweV
2895428,uNftofOHQXba2P4yyRywZFzeV
2895428,Q0wc2DuCJ2XAtqFcVjnahmheV
2895428,WFhteOoFfbZ4VYxbXw07pF4eV
2895428,W5FQtgn8kmoQQJWiwgd0jfreV
2895428,km6T2uRv4IAuMlbfvgAG8U3eV
2846529,kMBbfhKX86uqkxkPAGUIwWoeV
2846529,aXbSQ2PBnvVEFvDz8WILWIneV
2846529,6LFklLTDW0Xh6ep5deR5MtreV
2838423,kMBbfhKX86uqkxkPAGUIwWoeV
2838423,EAdorDwz0QX8vEOvIo22bXveV
2838423,4i9qfYSpB5Zedw0XiYEqlBfeV
2838423,kMh9YxQyzDpYO6BFWGyNnbteV
2838423,QW37a4K1cJs93SyxivaP66veV
2838423,YEaCqAAmGap059ymiMciUzueV
2838423,Aal5NdnO0kQwuPkTXmjpnE4eV
2840127,mlPgbG5B5RPrOmLJWSETHKoeV
2840127,OHeeq5npZogZeV2YH6IMGD2eV
2840127,qB8oXqRpz8EmYO1lqQgEhNveV
2840127,woWKcfN88PFqQ4RAy3TtEAveV
2836124,Y4Q8kw5pzb8844WmrvBaokleV
2847120,8m4tmopzRsnhBoEeBG5GRwpeV
2847120,mVNxUhwECmAXeKa5EemJ3sveV
2848527,yv39WfcsKS6QCrAN1e2jucmeV
2836328,CdyrpiVQSqByieWAPs4h5kzeV
2896320,YwyltP9jUk7srPy3jSEQIcueV
2836920,2RfRSx3eJqIZxKL6nvAKbm0eV
2835727,OhfSVqgw82w1TfbYlVnUyw1eV
2835727,KjVczZEI13dt9oBzMpMrnayeV
2835727,yLt1G0H33UMuakyBzkpHcjgeV
2835727,S9WJkf9XPf6vB6mBsinC9qxeV
2835727,ShecMTudmgMpy5p0rtAGS0feV
2835727,gmVWvx9yEhbCdp3HmaIwtM3eV
2835727,MaKvgMa0IRgN9ev5zXQPwS0eV
2847829,Y6brV8OzetIgjrdXfH8KWd2eV
2847829,g4WOHwkiPsE0VYcKY4txR2reV
85904000042,2DmOFBjC6gaNNJXDtrvCRXjeV
85904000042,As06SMlbgOEgEieTnZIslireV
85904011444,6fDIKBW5TzXKDxQnc6jjl34eV
85904354404,6fDIKBW5TzXKDxQnc6jjl34eV
85904011444,6tI5Z67B2eRggt5igcbH7N3eV
85904814403,ytGFG3A18yf0EXkJpQNFz7oeV
85904000042,ilyz2npu05XRrdLYWV1aZZveV
85904364403,ilyz2npu05XRrdLYWV1aZZveV
85904354404,ilyz2npu05XRrdLYWV1aZZveV
85904000042,2LIFjMCiBIC1NQ54uj2Uv93eV
85904000042,EWud6iKi4aKa2Pwr24krAOyeV
85904011444,mnsOxjYh3yscjZaGen65kO2eV
85904011444,ICByZmFo3dEXlpehdrVQX81eV
85904814403,IC1uia9MCwXKFnk3KoBnkh5eV
49000060225,IAUUrXGU8yEXp9RFgzmiQc4eV
49000060225,0oRa91QRe3cDbfsRLcoihdseV
73390000165,iXFKztcIUe25BilUG6bJPo8eV
73390000165,kEdbTZPhZYY5WLA0BsE0IPweV
73390000165,gMUC2d4mjOmwTtkFWmEjnkzeV
73390014056,IEkNkrOVHHrZ3nUFCWsqzIieV
18200069918,az9aFp1iuaSoXw3RjYyAL4reV
6.36E+11,6XTqynavmqIhjwdmBXKRJumeV
6.36E+11,2ttpMCuZTSr1S9mHVLYBm6yeV
6.36E+11,OLmp6Dl5Obqmz7pIUadyPCfeV
6.36E+11,ICByZmFo3dEXlpehdrVQX81eV
40000422068,oetBrk7uj8VdroxlszpsIG2eV
34100015053,4S9ooETgxEBEEyZAIpaAiuneV
34100575052,4S9ooETgxEBEEyZAIpaAiuneV
34100576363,4y3x6aw0teuLWS4nVoshBffeV
34100576363,a9u2szBtTkztIQMGMiofZvheV
34000472246,UAHPzFPwF3ju8AF642eCZ42eV
25000131387,YwIyG7VL0r28QRl7iGsTjUueV
25000131387,W95fG7nts0BAFPldAxL2FEueV
25000131363,oKnPZeIXYVmYYF0ValfgpDleV
25000058011,iXFKztcIUe25BilUG6bJPo8eV
25000058011,g4CsJdlfymPWgLO1xNAXBUueV
25000058011,8yiBlxoERG2lcwtTROvQgRjeV
25000053818,ME79MAZoIs9Q8IHDtybczpxeV
25000053498,IgKxmYFAjm3uouBdpVBlOtweV
25000053498,6xYALJ65HnyMQJdRGRy8D0jeV
25000058868,wunnv3nPynLl74H2SrB8qugeV
25000058868,CjhjSKb3OF7Gxhod1QeWSNmeV
25000058868,u3aSpbKy7JN8ZWOhkM4M5DmeV
25000058868,0iWuzgITSJqO3vOxnOuDN32eV
25000058868,AGLxf6RUIdOefNrQGmZuiR4eV
25000058868,yJuOoNgP5bJjbLbe9PH8jn7eV
89396000627,Q0aPzqYr1edfJolHdWGvBIweV
89396000528,U6A5hjKz5GnDkEsGiX6UxmoeV
89396000641,qpGxYF8p62CDr6JK4EreuV0eV
89396000627,qLZaojsr2377Ha6PvWRpXb2eV
12000181290,Kho6l37cQRIx1xJZdP4vw6veV
80660957777,yZuo3h0i2ZS292xuktnlYsmeV
80660957579,0cDiF8RIJQuzK0qit0ezoCveV
70847038436,Gd3yXUdxmv2jPasVJNJSsN3eV
70847017707,c47EPxfWupPtLqJ1NijeSG2eV
70847017707,mHggRbSbT5ekCSsSmTLsRLreV
70847891963,8w19ybgPEVqbXzjEF0B6XA7eV
70847892519,GR3LSeqtNNsf4XGI8anQsY5eV
70847003229,W1p5IEly35MsZcztdS75QQ2eV
70847038160,wEqBeFwuq4tqr9qzSDDOwz9eV
70847038146,qp6dHM6R7w3pHM5Hs3LRzEveV
70847003229,8w5zInHpruNyzUMUVxdRfIneV
70847891963,kEPCMuvSJgJ1kTfh7K1ukH2eV
70847038146,Gpvt8wceM2JtfB8k2ORqVlteV
70847038146,2L4hxQZOLJjhKoCApVYFB7teV
70847038160,2L4hxQZOLJjhKoCApVYFB7teV
70847038269,IO9N7PtO3QtODdQ7TSU0p1peV
70847811213,mZDzYt4no7zON8bUDc8Mp31eV
70847811268,YaR0eVx3jc39Xndz12AiI96eV
70847811268,6hkYOzCg6hCySGzlLRpqdsreV
70847811268,o8oXNh5RTr1DO07wVwpj84ieV
70847034629,yRacPM1HoM3NndStQA82mcneV
70847020905,23o6T80EY8d2MAxHVbBbgPueV
70847037989,8uWEVLYzH91K3cdMSdDwQuqeV
70847000037,GJRYbp3ep59ZurTLlsteYC0eV
3403109,QkirrvrXQg7wMBxFbeb9LmAfV
1213104,67rrb8CBFoS8eM0o1dfTnA4eV
1213104,mZDzYt4no7zON8bUDc8Mp31eV
1213104,a7lumpf5YUXHp7y5hCfQAI5eV
1213104,gUS5zdOdUPUahMek9atIqxoeV
1213104,KpMsSboPg5sLDUkRc91n9azeV
1213104,068VgUuBP4O2tYK0zC5ELL0eV
1213104,eTEuTOhiPu4cBjJtJ1gRf6ueV
1213104,WTUNvqHc6GjCsSYNlhOZIS5eV
1213104,qJG1oAxDCneKZFZWiYVRcA4eV
12000811319,anXKbSehIiGG7NES52E9XfheV
12000811319,kKuGnGTXblEAxL1iBwgmx5jeV
27800100655,sQxL9mmKFlAoI3FllLJWJKpeV
27800100655,4AYioA2bTgi5apNcxsqmQYfeV
77567004895,K7hgZNB8WJhs07S27kDogWheV
8.60E+11,OpfuAw0qz309B7LbLaIgFeveV
8.60E+11,eTkqp0CJntAPRyFBuxylxV6eV
8.60E+11,wciZfNOhCzQVor0dcynP56peV
8.60E+11,YQObh1VyzTDepLjpmA06Y74eV
8.60E+11,wUG3GoNwwreZ0yf8DifALvteV
8.60E+11,MQdVliNqFAPeb52xeR3mmHAfV
8.60E+11,4u5BNaxmyYpIC4pl40dUBSteV
8.60E+11,swnCdVKet8lKrLAhpB5Bn33eV
8.60E+11,yjlrSMW2np8QLiEJX0iwlMmeV
8.60E+11,yFK5alpyMOgoDvPGmqJ3slAfV
8.60E+11,S1kyWy61Cy4qN7PtM4trHD0eV
8.60E+11,Aca7TYoXm8ReozFIqp5Wt45eV
8.60E+11,k07ss6TlWDW87pNNWezjXbveV
8.60E+11,qtgpiR1HOVLEzyd8poIEoyxeV
8.60E+11,cqAitKzNIkBVcKwzWRPe9xseV
8.60E+11,Uq2QN9dmPBcFa6sni4INe6keV
8.60E+11,apEspwP8GPsLuBUV6YfNE6leV
8.60E+11,s663imNw6aXf3P0v0oSTNZ6eV
8.60E+11,4sUloylPkMbE5zTZgxVeZJ0eV
8.60E+11,WrWcPpVqT0C2r9ORohAsiy9eV
8.60E+11,U4bHF5Ozwwt79deqkTmUiV6eV
8.60E+11,2VTqw8nDUmoRGkKoswed4U2eV
8.60E+11,SjxZ6F05JMY7PrN8ht4uBefeV
8.60E+11,KFgbOsbYjYQjydH04afMjNfeV
8.60E+11,ESsH3cte92mPFhYXogvUM78eV
8.60E+11,q1ekHo16PfxGtjhjV98e7d1eV
8.60E+11,6vZfOT8tNWarZfUUS83nX8meV
8.60E+11,MCMcpDyn4sZzYib5e7KDw3jeV
8.60E+11,KvTc1Dpa3G4rao947dlQoFfeV
8.60E+11,yxeIsyTb1QdFHByqdrCGQ2qeV
8.60E+11,wmBUOJ8nilIrvdHsm73CZX7eV
P993550,mDsxwc0DHtByw1cgFggfuF0eV
P993550,8yswoEecEcX0ZVI5fDrPnUoeV
72718101812,WJlG2GLKj4SsgD8LJa1P5HieV
72718100266,smYfwWg2yDRkrLmU30CEdP5eV
72718100266,8oRtocdON0sKswbWnLQ9cg2eV
72718100266,MGA7KWCUuUOVdJvL9tHI02peV
72718100266,WvsgUdVUn69Oxr8OhAlBAmveV
8.60E+11,2RfRSx3eJqIZxKL6nvAKbm0eV
8.60E+11,6hOJiITOlXSy7cKExLNtQCoeV
12000668869,GZFGBaBUvn72N297fwFif8ieV
1222403,0OK7gfsIzDD2TMMcaiBYqtteV
12000668869,anXKbSehIiGG7NES52E9XfheV
12000191435,kg7RkYqqA1m8kiFvTJEui07eV
12000028625,iJW2bz7GDMg8qWQnxFrGle6eV
12000028625,ccR8E4yMpHa54250KA2Xn64eV
16000507043,e7SfN2XV1YenpKtQgBCcQBueV
16000507043,w6FzFmDcuJe4gE0JFUj1hA2eV
1291005,a7lumpf5YUXHp7y5hCfQAI5eV
47677483231,KrLDCvjRWnv2lLDLyon1Q8eeV
6.09E+11,8CkWru4FkQ43FmIdHhx4FLheV
41420045707,0meRBnQ9eTKajlOuOtyBsKneV
41420045707,csDHLeKS0wzaYZaMTpyTBNweV
79200936105,iBKMWWNqoaSTP1hsqRiBEYoeV
79200936105,wsocTSqimxMCzgQ85CqFX30eV
79200049058,mrALRk1wIrpfaWgmza62CR0eV
79200049058,YiLV1HPyQ5qgOMAT1kQwrGveV
79200049058,OXIpPpBTDbguDlXcg4ZzwwteV
41420045691,CLVBJiRVqb6aPH5c2jOmMbueV
41420045691,csDHLeKS0wzaYZaMTpyTBNweV
7933624,csDHLeKS0wzaYZaMTpyTBNweV
28000895037,iJ6MjcQ9wvQPsCdtJoYNq9ueV
28000772123,EQtqcaRwAW8jUbiYnejgtPqeV
6.09E+11,qLZaojsr2377Ha6PvWRpXb2eV
6.09E+11,6NeoRDzIZ6bPHpSjVvpplA6eV
2657318,0SIbdT1lUkh9dvOmKtPjcMAfV
2665618,aFiuAVTBF4WZKUV1FCyv2t9eV
2665618,uzQKN8fftjqG0Lg8F3H5zHueV
38000359217,U0ttlgJJjrZ7RgtSFXF8c0feV
38000257230,efO8lGWuvKlrpl5EUHXTEeseV
38000257230,uTWp9HNW3YnTdsToh5Bhxk8eV
8.55E+11,a7fbGbKLlsssxKa1lFOqg4yeV
8.55E+11,wiVfqRbunKbYB2L3gCsvEPkeV
81635102604,M0n1xnD1HgWDnyQGBD4i5nfeV
81635103809,2XSb5MpD6TgzeJ9LV3Z8YG2eV
81635103809,GF9jN3kaAI7QIjO6TcOHLKteV
22000004833,OHeeq5npZogZeV2YH6IMGD2eV
2248808,4M66TRhLncaPIKUHJlyyYB0eV
75856055399,Ozwexk5YChrR0TNIfySGtqpeV
77567028747,KrLDCvjRWnv2lLDLyon1Q8eeV
44000015923,iXFKztcIUe25BilUG6bJPo8eV
44000015923,CLVBJiRVqb6aPH5c2jOmMbueV
44000015923,gI81PKKBvTbL1OVDQJfbBl9eV
7.16E+11,O7YMdfzGzFRCweR517kxoZ8eV
7.16E+11,y3tYbRCT8gDo53o5doJo0e7eV
7.16E+11,QW37a4K1cJs93SyxivaP66veV
7.16E+11,0muhxfBZctzGEhDDtTV9Pk3eV
7.16E+11,SpkPLKOYrHFTaZSap8qFXN9eV
6.94E+12,g8ksTaFir4dtLB2YIwqf4YteV
6.94E+12,wWZg4xnCN0C4S8lZXLMFKH4eV
6.97E+12,a58KcKEUNBOwWt7TkxaA5X2eV
6.94E+12,EyoLABf8uzU7GXao2cjpnQheV
6.94E+12,AatXsAASjytDjECISC9hkfyeV
6.94E+12,CnFGTa1396RyVpgVhoYBsk1eV
42800721570,ezsO7ZFnW88ArhS2hWLL195eV
1212901,wunnv3nPynLl74H2SrB8qugeV
1255906,YIiXDcgFG5U0O00Hmsv4pyneV
74780446464,YYogK5QUolcuWWCcVCXgkR8eV
74780446464,iXFKztcIUe25BilUG6bJPo8eV
74780446464,kg7RkYqqA1m8kiFvTJEui07eV
74780000703,gMePMisBQlPESQB72yr6Aa1eV
74780000703,m9NlDhGbHYWHyO4Xz2eAQ48eV
74780439961,yF4WJJCDnPjTZl4eZ3B0jmoeV
74780439961,smYfwWg2yDRkrLmU30CEdP5eV
74780439961,kg7RkYqqA1m8kiFvTJEui07eV
74780439961,atiSFMPxc1U8So8wz6vFmJweV
74780439961,ORLqKrP4ULOtoM1UrBB67lAfV
74780439961,oi9aYsGEohk5NRrgK9X158xeV
74780439961,4uxjEqEIqPrfMs2fYXi23NAfV
14113910132,kyUbxIJWrLrB3oS7GQ3gNdyeV
14113910132,iJiEZU3BCAilV5P3I0e6lbyeV
29000023871,GjqkmRhFbkbGPsZ1gxeUcb3eV
29000012578,qHJPqxcq782UPSiKck4NHM3eV
29000012585,Kho6l37cQRIx1xJZdP4vw6veV
73141153157,ihe6ChNaCYtCujfgmPeekWweV
38000310317,6R0Cr0t1Ly4qGWxMdaijrrheV
77567002853,Q4YD6EMOv3fBayzYC4T272weV
38000317316,0wftCy9CkgVJVwTocc7WEc4eV
38000310317,Kb3NcATZSCXjmJRhmCAhrjfeV
38000019210,4aV2Uhvw4MTAXaW47GImZ5keV
38000504716,Mgt9pZocrGbk6tKiC9i96umeV
38000504716,y5slcwnYLjBwL1ycLtxypKyeV
49000050745,qloLAhj2rYsJY2VnCrvehGgeV
6.44E+11,mrALRk1wIrpfaWgmza62CR0eV
97421483567,Uwjv2fLOn4u12JYUXmNohkheV
49508007302,YYogK5QUolcuWWCcVCXgkR8eV
8.50E+11,wg0NBXUfjXFLyFkRT8Dpoh5eV
8.50E+11,qVwBrFEuWgNZqTsC7ElfVC1eV
8.50E+11,mNbO6pLbXt9zy6OLxs2PlJ7eV
8.50E+11,kWeB6kK13H2WWyevKkXbtAoeV
8.50E+11,EaITdnRwToRjdbQB02MxcQ5eV
8.50E+11,AiHeot9pNSR2hC1xFwbirrpeV
38000183713,4y3x6aw0teuLWS4nVoshBffeV
38000183713,S3vTyZaG8uxCZhxqPnPCxP1eV
38000276477,wsOxuVdSMlKtkZliq0GmoveeV
38000276453,mpRieBirerVaP13bFXN8vS3eV
38000217913,anXKbSehIiGG7NES52E9XfheV
38000276477,W95fG7nts0BAFPldAxL2FEueV
38000276453,GDwnKPa3aTHj61ak98eyY74eV
38000276453,sCC7HC6jixG8t6o7pU7CvlxeV
38000276453,ezsO7ZFnW88ArhS2hWLL195eV
38000138430,at6MY0u8pmshu4uZtcWz2eseV
38000138812,4y3x6aw0teuLWS4nVoshBffeV
38000245565,yHZwalPFf5fmw9fuZFhWu2ieV
38000263835,anXKbSehIiGG7NES52E9XfheV
38000284458,SVs2ExRZryvKalDImG8mVhmeV
38000138430,apEspwP8GPsLuBUV6YfNE6leV
38000138577,GbIpYXcqkj0IJXrBLVclOpieV
38000138607,sMnft2DtmN6mzI7pe3rzwIyeV
38000245565,OZHkZxoF0B2MrjedNeoGYNxeV
38000284458,6NeoRDzIZ6bPHpSjVvpplA6eV
38000138577,c6MaKxU2tzxOMHUz8beryF4eV
38000138416,Uac5YsAIbeYLRWA65JWmuOAfV
38000138416,AUUK9t80Zq0qdFhLjJ2duOjeV
38000138638,uVxybN0pVkQHjimarQM8OfveV
38000138720,iBKMWWNqoaSTP1hsqRiBEYoeV
38000138720,mVn4bCctydRE7HQZgkcqOEjeV
72718100280,wQc1Fb3BJ9Sdu0pGBhS6nTkeV
8.89E+11,cuILYCPkepKCOCRej9sRUfmeV
8.89E+11,o8SWw8JaAsZJMBmqKASn6OkeV
8.89E+11,8IdHeUBKC83XpNXVeUcTrL7eV
8.89E+11,8q2ZBAq4D9bV83989PjnkWzeV
8.89E+11,yrfQfmTDvQgT1sLEdSSE7MoeV
8.89E+11,oOjEBoQu2YatH5Ji2b54KQqeV
8.89E+11,mX6p7yh2EFKkQHmZolpOhqpeV
7.16E+11,4i9qfYSpB5Zedw0XiYEqlBfeV
7.16E+11,yROsIfrjMgnSm3rVkq4cgk6eV
7.16E+11,S9WJkf9XPf6vB6mBsinC9qxeV
7.16E+11,KPTqq2AJOy9Rp0QNzOPeM3seV
7.16E+11,CbbAnXmIEvAvvHjAHlJwmL4eV
7.16E+11,Aal5NdnO0kQwuPkTXmjpnE4eV
7.16E+11,qV0v57Xjd2UWckaQojT6XcgeV
49000004632,Uac5YsAIbeYLRWA65JWmuOAfV
49000004632,i5SeUgMnjPD6gcK4H9EyKSleV
49000004632,iPTVsPhxLiirM5Fo8Pmqb7feV
49000004632,gyFrl0By39xeTXOLQH1rUZ0eV
72180733665,mpRieBirerVaP13bFXN8vS3eV
72180632432,YcUVClwMcQWnJ8iJzuCw034eV
72180733665,Ozwexk5YChrR0TNIfySGtqpeV
72180733665,8c75A5AIGxSZmLJ7PfAHm9veV
72180733665,OZHkZxoF0B2MrjedNeoGYNxeV
72180638113,cMjbZgpVZwz9WNGAORzH3Z9eV
72180634733,OZVBkly321yfjyXE1xUkPM8eV
6.11E+11,gEedE1lVF0kCWRswdwl3SHheV
6.11E+11,CjhjSKb3OF7Gxhod1QeWSNmeV
6.11E+11,4OHCiINKBYeHB4usz67XeineV
6.11E+11,Y6h8GfvayF7fWvY0iwgqiYseV
6.11E+11,ONv1CPUN6DPP92cNGRALcHheV
6.11E+11,GjyokcPbI88wkNngJQtO8cseV
6.11E+11,W1HwqJo0zxoPqPrPNWm1ak7eV
6.11E+11,eXaYFfpSOOBLzi4KbbtlxhmeV
6.11E+11,2JZiZWOYC4X6nNoTDQrhLdjeV
6.11E+11,6R0Cr0t1Ly4qGWxMdaijrrheV
6.11E+11,uVbzLm0cANg2rssCzx7pqkmeV
6.11E+11,woMLXL7vj9o05A0lTfKsWY1eV
6.11E+11,yVWht1R0P2TgyaCO8oePrj5eV
6.11E+11,WF1ZzuzTTiX8KBbHIsLJib6eV
6.11E+11,6P5xZymWYU3SbYPxI9pz8L0eV
6.11E+11,4AketLPuTwiqyByyxivnOLmeV
6.11E+11,2ZxOTykvnQ8oKpdGXBCsUxueV
6.11E+11,ShecMTudmgMpy5p0rtAGS0feV
6.11E+11,4m5LtKcVjEqAKgpaIAUYXrneV
6.11E+11,YYgMev8qFrsZ8ZwHG3ecIEjeV
6.11E+11,8snv2xjGmJCKvpaMWX1dV3leV
6.11E+11,y5slcwnYLjBwL1ycLtxypKyeV
6.11E+11,0CeaTESnt2Oi8gmmD3bZkZzeV
6.11E+11,ufElLmMDIWGQOKRkTu3GbnqeV
6.11E+11,G1hJbKc1VdlE6HwjRBpiVqkeV
6.11E+11,GFJFBCiBQ4J0sYGwYs53IiweV
6.11E+11,ShUbMELnHu71WCYGysXzDD2eV
6.11E+11,mHggRbSbT5ekCSsSmTLsRLreV
6.11E+11,qVwBrFEuWgNZqTsC7ElfVC1eV
6.11E+11,4Wh9oVYCKPrpnSYMu6yc2O5eV
6.11E+11,KVMvTO1Vc2BVKa4m5nrlgZreV
6.11E+11,IUg3kdTsX3uRlGECtqAqa4jeV
6.11E+11,cMpYkrrBm0kUrRpykDeMXQ0eV
6.11E+11,I4Ach8DiwK77mY6Azr8AGuheV
6.11E+11,QICMQ9CTPkPBXGblhF9BncreV
6.11E+11,cOm6kiDEqVNy3bqv8EZJJMreV
6.11E+11,SLzGDAo5HqaICgHcBjblmU2eV
6.11E+11,Whnp4ZP1mWQUrRT7etYH9f3eV
6.11E+11,2p3tRF6TyDjAYzgh7gZ3Rq6eV
6.11E+11,sOiwBpaCC4Jmjd2UdixJbEkeV
6.11E+11,GLCI5ouFVf37DtG3brXKtIAfV
6.11E+11,cIPmFhF5GaW1LWMmWkUXNjseV
6.11E+11,a5m1jAsiXpfvqXShMVbmnVqeV
6.11E+11,iNIYslBQoRsuYQD8RX8OfRseV
6.11E+11,4ihABgWlaLEM3wiJtPY5Vr3eV
6.11E+11,Wn8cxJUtlSRAolBQX9FAzOueV
6.11E+11,mLSYd98DjyWUbvVq1jL007heV
6.11E+11,U0Xqdg0DVVv9yVq2xbKdIK7eV
6.11E+11,U6A5hjKz5GnDkEsGiX6UxmoeV
6.11E+11,8yMKFMMQbIy0AOfjIPu7vTseV
6.11E+11,Umy9aOWDSYSgqAxL3MjE2jneV
6.11E+11,yntGIvTfGbsjjdxQb5QjT95eV
6.11E+11,0MJVpp8geeI6VuS0Xk3lFBzeV
6.11E+11,s6Q2ej9hs21FWfrx8igjxkoeV
6.11E+11,gYScVdiPt0LaI8wX871zLsmeV
6.11E+11,Qs21Ex0SMvA4cxHw1C7ipo1eV
6.11E+11,OXY55QF2ISqyJuLTqcrZOUveV
6.11E+11,Y82aiwtcnWolOwnCAJcL5tAfV
6.11E+11,adyO54Q4lfKT8syHJR2hQGheV
6.11E+11,gAEDrcTkM6Tg94YuT5pVOQleV
6.11E+11,SxWGDUn7ViQLFQfiJMJavOleV
6.11E+11,WdZPuXEiMMOEfHjZ0ZyLLeoeV
6.11E+11,c05Gsbf3HtSmf6GdWtqIxrweV
6.11E+11,uj0sH8cSQ6OLZJN3HQ8u1e0eV
6.11E+11,4QelmiAJPLLzjvkHUHshVwAfV
6.11E+11,YCtmfaRiQu2o6LzAIgHDHQxeV
6.11E+11,yfbNbTQiT5mUKqzSc6L08DueV
6.11E+11,OjEMNQORp4Es6q2vu775bOheV
6.11E+11,KzJ0WCwUYdlD3Tb58ytuiE6eV
6.11E+11,ulJQSLkFn3spPwWAvT2YRuzeV
6.11E+11,wsOxuVdSMlKtkZliq0GmoveeV
6.11E+11,GR3LSeqtNNsf4XGI8anQsY5eV
6.11E+11,ACPwTtDjSBjKKJ3NN54J9fneV
6.11E+11,MOeoMrmxiOewInJ6ayWXUoqeV
3432314,mncUED7sZcD9aIUpfNkhSj5eV
3432314,kmqjgxRyMi0n0uHd2KYdH79eV
34000939381,WDQVSu3xzidDGMDomzLhdxreV
34000470563,KrLDCvjRWnv2lLDLyon1Q8eeV
34000997190,uxpjtz2JAhAWkPacAHlWVepeV
3413504,uh3o8KNfMOBNbtwSl6vyM7keV
34000116416,Uac5YsAIbeYLRWA65JWmuOAfV
34000116416,CjhjSKb3OF7Gxhod1QeWSNmeV
34000116416,apEspwP8GPsLuBUV6YfNE6leV
34000116416,2L4hxQZOLJjhKoCApVYFB7teV
3448005,ggspyxdBBETC6M4Fw8cGPtleV
3448005,uVxybN0pVkQHjimarQM8OfveV
34000114702,ihe6ChNaCYtCujfgmPeekWweV
34000460632,s4lx0CZYJXU7Gt12yEfwURheV
8.15E+11,ePqapnT6kBQAFlmOYoVLdveeV
8.15E+11,oowKq1TcYmoHFld16jKpOt3eV
8.15E+11,G5DhDIMomXOEP1XRPxnihSueV
8.15E+11,4qh8WnuCEqv9el74NA8xSk3eV
8.15E+11,YQKxd9v7ltqAFkdwo1x62H8eV
8.15E+11,KrLDCvjRWnv2lLDLyon1Q8eeV
38000244117,WDQVSu3xzidDGMDomzLhdxreV
38000590993,gEedE1lVF0kCWRswdwl3SHheV
38000590993,uj0sH8cSQ6OLZJN3HQ8u1e0eV
38000590993,c2ALno5bLkvilEeDKWNE6jseV
38000590993,cIPmFhF5GaW1LWMmWkUXNjseV
71610303065,4cwzUjivgNZUoAZJr3K6VfqeV
71610303065,EWql1Nk1T7ksM0rEUkwPcTneV
71610303065,G3U6p7skBcrusfMBGMldW6xeV
71610303065,w6To04ioUest420YJSoHFOoeV
71610303065,Uslp461XHhAPRIQKtSY8zYpeV
71610303065,8c75A5AIGxSZmLJ7PfAHm9veV
41508800082,oCDte9acvplLGtzgzYhsZ6feV
41508800082,yHZwalPFf5fmw9fuZFhWu2ieV
41508800082,GPA2X3ET3nkiZVvGC2IsdK8eV
8.59E+11,4UITllf2tRDWuGOshKjOjU0eV
8.59E+11,QYOqg0fma8XmQ1dWZzwDeEjeV
7317013,UkV1ts79AWsbPRrawmwI1YteV
4430357,4y7Ha5GyFAKP2mLHwyz3F03eV
8660008718,Amlw4ik5wY99gi1KSTxLVh4eV
8660008718,sCC7HC6jixG8t6o7pU7CvlxeV
8660008718,Aal5NdnO0kQwuPkTXmjpnE4eV
8660008718,GdtVTmOgG01VV8aRBvd7ne2eV
22000287311,i1mNOqTDoR8zl4nYfFrq03meV
22000287311,kgBqPSZR1fNP8TogZtcTReyeV
40000140931,Uac5YsAIbeYLRWA65JWmuOAfV
40000140931,Q40VKb0aJCLIGLIRx89REaAfV
40000140931,sCC7HC6jixG8t6o7pU7CvlxeV
22000287335,IMW6Px1Be8KLkAsjtwYEZ4zeV
22000287335,0YVgppBAnfe58jr9WJRxpEjeV
22000287335,mpRieBirerVaP13bFXN8vS3eV
22000073563,g4CsJdlfymPWgLO1xNAXBUueV
40000140924,CLBnhy9TkIWIyHx2P6FVSL2eV
22000073563,mlLqXHeWtxPoXpDkWCipD40eV
7.93E+11,yVWht1R0P2TgyaCO8oePrj5eV
26200006406,USQHrRoqY6blbkCohy3O9nheV
7.86E+11,w8S9lJBn38ai3kAMuQdiPZ2eV
7.86E+11,mVjkWYqFR1S4k9HNTcxcrY0eV
7.86E+11,wSVbomhYdywDWJnZKFHGPAqeV
7.86E+11,QkOtpl8fb9oBHUqE6MDQW42eV
7.86E+11,IOJhKRI2JSyycVe0gQia53keV
7.86E+11,8WM36hOsPnjTF2ni4xMa31neV
7.86E+11,8oRtocdON0sKswbWnLQ9cg2eV
7.86E+11,seaErpJx4zlSoZ9DoNNhTmueV
7.86E+11,wQc1Fb3BJ9Sdu0pGBhS6nTkeV
7.86E+11,SHxUO4tEhxHb3mm5MTjB7N2eV
7.86E+11,kEPCMuvSJgJ1kTfh7K1ukH2eV
7.86E+11,4uxjEqEIqPrfMs2fYXi23NAfV
7.86E+11,km6T2uRv4IAuMlbfvgAG8U3eV
82000786252,I4Ach8DiwK77mY6Azr8AGuheV
82000798989,avDWDQCPiMmdDXh1qp7lINAfV
82000786290,4y7Ha5GyFAKP2mLHwyz3F03eV
82000795223,CL9rClJYNVHpjToLP66YMQ3eV
82000795223,2ttpMCuZTSr1S9mHVLYBm6yeV
82000786337,0whC8MGQamEPEm56yQqPdc2eV
82000795223,0whC8MGQamEPEm56yQqPdc2eV
82000795223,WZ1qmwkm4LWpY174FCkIG4seV
82000796411,eHEPCWNokWlNGla9mKDayK9eV
82000796411,IgE4BTzbWhJSTtyaS7KaTN5eV
82000792284,sUTBSpTk7MkD9FmAmlm9m30eV
82000725695,aJuDYr6baLW288CtRdxE8seeV
82000792215,KDpY4npXqC3L9CrEK7Wa9KqeV
76183008348,GjyokcPbI88wkNngJQtO8cseV
40000424314,MO45IcqUyzJWDm2VARzXDcfeV
4026305,8m4tmopzRsnhBoEeBG5GRwpeV
40000424314,Kho6l37cQRIx1xJZdP4vw6veV
4010508,uNtEGqa72zvXuAjrYCKUwNqeV
77975093900,EUdXphEG2UEOYrIIDBpwbrheV
70462002003,ad4D0fJdvsJCz6MQrQshUH2eV
70462002003,kEdbTZPhZYY5WLA0BsE0IPweV
70462002003,OtjroPROhgY4uZ5qjvpR2pqeV
41364087320,ONv1CPUN6DPP92cNGRALcHheV
41364080512,G1v6Mco8vo4KXqA8VGeXNHteV
41364080512,uDgKB7FE42bkeUXgfTtVvmjeV
41364080512,oQCvD2a1kOGeQ8NvHRNj3ppeV
22000005144,EWatb63HTddylHb9qWI6JW9eV
4976400,ipqkPqry6ObG0KUjxLtIgEreV
4976400,Gd3yXUdxmv2jPasVJNJSsN3eV
4976400,yF4WJJCDnPjTZl4eZ3B0jmoeV
49000047820,Uac5YsAIbeYLRWA65JWmuOAfV
4976400,4QAuGkkxUtEW1LiVlVXkEGzeV
4976400,CX35sP0JZAjyTgW1CkxTd52eV
49000053432,mBtUbZEC7TFAnF2pRvMRIwkeV
4976400,cOm6kiDEqVNy3bqv8EZJJMreV
4976400,ST1lBfg3SpegTD8cH1xyUY8eV
49000047820,YI0mkPw4Pu1CAPsoclWYyFleV
4976400,UAHPzFPwF3ju8AF642eCZ42eV
4976400,0muhxfBZctzGEhDDtTV9Pk3eV
4976400,Y4Q8kw5pzb8844WmrvBaokleV
4976400,omRlnbeOLpQmrl33ud9S7ugeV
4976400,65UuO6qi1W5JU37Q8cjaB24eV
4976400,US0l1p76ylcOSBrW4oKxAHxeV
4976400,uzQKN8fftjqG0Lg8F3H5zHueV
49000050158,IgKxmYFAjm3uouBdpVBlOtweV
49000050158,6LFklLTDW0Xh6ep5deR5MtreV
49000072228,UAxExaCYNVwiybfmBtug81ueV
49000037197,48CStuxDVIN4WMSz7vrDbF8eV
49000037197,smYfwWg2yDRkrLmU30CEdP5eV
49000037197,QGbjz2RRgiqdijTgu697gdteV
49000037197,oKnPZeIXYVmYYF0ValfgpDleV
49000037197,WRntUly5L0pbJryolTRbAC2eV
49000037197,EOipATx3dmrKG7tz7Z8TZ7heV
49000037197,MQZz3NiaXEicaGIHz4WUbMpeV
78000016468,IksTzU6OV4e8e8NXed4bqrheV
12000813313,0yUhZBg45jL2769v2qgTvpreV
22000135551,yZG87tmErGKZ1FvGCyKFoSAfV
22000135551,GJRYbp3ep59ZurTLlsteYC0eV
22000135551,wGd4lZIXWel33AAi7W5PzK8eV
1217702,QI24Fzcimxi6WoG1Qp4bMM7eV
22000288844,izx7E1Ymr05KL6U9h7KfuM0eV
1217702,uh3o8KNfMOBNbtwSl6vyM7keV
1217702,SVoiVSnJeLNeuoS3HyjwITieV
22000288844,wSjYNFwhEjtcCJ7d7leM0PyeV
1217702,oetBrk7uj8VdroxlszpsIG2eV
22000288912,KNobxAgeL4UnAqZNUw0UQxkeV
40000000518,yZG87tmErGKZ1FvGCyKFoSAfV
40000004455,s4lx0CZYJXU7Gt12yEfwURheV
40000004455,Q0wc2DuCJ2XAtqFcVjnahmheV
22000135377,ShaEhj23v5U1wKtoTOCMYS1eV
6.84E+11,QcyRXkAe73knckPbOu4Dac2eV
6.84E+11,qRCNoh76Mzo017WucNwxrAseV
30100113218,Q0wc2DuCJ2XAtqFcVjnahmheV
78000035209,WD011ici5V1En8a5emJ3GskeV
78000035209,4AYioA2bTgi5apNcxsqmQYfeV
22000076038,EWatb63HTddylHb9qWI6JW9eV
79200222888,i1mNOqTDoR8zl4nYfFrq03meV
79200222888,gA8RmbWG0fITRkb3OAiZzK1eV
79200222888,4o08PETApOkEutSKgypgL1ieV
25900227296,Gnoie7KGgBi2hD8POfwk203eV
3438600,IMKkjvdJ2V6DeO2Yz0nXOEqeV
7.58E+11,YEaCqAAmGap059ymiMciUzueV
83900005757,iXFKztcIUe25BilUG6bJPo8eV
83900005757,y5OIXP206PoBeUSycraOAp1eV
44000000615,A2Bk7piiwp7i6vjeKH7OBI1eV
6.39E+11,A6n2xIOPpovSHpv5Pa1ODupeV
8.53E+11,sOIhOark5leQ9NBB7Fjvn68eV
42800113009,i1WdeOSgrFQx7Emdu8yexfkeV
42800113009,uFBQSgcOgrV7oyWs8z4YVsweV
6.73E+11,OHeeq5npZogZeV2YH6IMGD2eV
6.73E+11,IM03e1LmjnjKIGqqmyjUw6seV
12546011624,MQZz3NiaXEicaGIHz4WUbMpeV
12546011112,Iiz3x7qNiEDePELMYk6xA45eV
22600973201,yRy8NcK4cPLTz3vJD4J7OhjeV
22600973201,ME79MAZoIs9Q8IHDtybczpxeV
22600947219,6LhU0QcIRS9QOwcf5M3tW5neV
20709012319,8emcVEwYVWxtFyLVqLUxr26eV
41420023705,uNJmad9dD3YkTRDucIonrvkeV
20709012319,YCT3iC6DXcV7K1PkPorrqczeV
20709012319,8yiBlxoERG2lcwtTROvQgRjeV
20709012319,yThzdsuFwVHphnc52nOdwyzeV
20709002532,sUv5FqOj6iCphegaeOyG9A3eV
20709002532,YCP7P7SQcKYIejSbtKojhq8eV
87692011279,cIhzPrkpak1OTgeWYGIj1OreV
3.08E+11,YIkATYNkDtlOUtO7WxnCfEueV
87692016144,mBJkEx20nQ2qntJnMTagbhreV
87692831389,OLmp6Dl5Obqmz7pIUadyPCfeV
87692852315,2ttpMCuZTSr1S9mHVLYBm6yeV
87692832317,avDWDQCPiMmdDXh1qp7lINAfV
87692832317,YCtmfaRiQu2o6LzAIgHDHQxeV
87692010883,eHEPCWNokWlNGla9mKDayK9eV
87692010883,2L4hxQZOLJjhKoCApVYFB7teV
87692006701,QEW34tSGzpE4hK1qb1BK2umeV
87692751342,osYFODsf7j3DuYrAjCc8mcreV
87692751342,4ClGvCnvYEcMZCs40OZCTNveV
87692751342,215t2pFQTJ9VbQ27EoacX9seV
87692751342,M6g89cKTXRZ3yKNbnj6RLugeV
47677474208,e7SfN2XV1YenpKtQgBCcQBueV
4040509,48CStuxDVIN4WMSz7vrDbF8eV
4040509,YCP7P7SQcKYIejSbtKojhq8eV
34000544233,mrALRk1wIrpfaWgmza62CR0eV
34000544233,iR8zfW5E3YAOCQTCc1MtZjreV
34000544028,Usv68jGJczHQcze7EYPkeb8eV
3.00E+11,gCfOmCnJqTfdqYeyqRkiRdgeV
6.34E+11,2tpNTwmKslAieewwCcf3uK1eV
25713921206,ypQXQXNSs6IhZHwZzjuBljmeV
25713921701,0OK1RfHsZNkAPsSxalnry1leV
25713921206,0OK1RfHsZNkAPsSxalnry1leV
25713921701,65ethf95yXnfGshlblGz1fqeV
85000007686,I8GyrmmdpaAH5jOaH7iKDWkeV
6.30E+11,oyhYaBcBWLhakrvotkWyZLteV
8.20E+11,Ctq9SAhOumUxdnwsfqzGHA0eV
7.86E+11,67rrb8CBFoS8eM0o1dfTnA4eV
7.86E+11,0us4incvQqGcaoFEwKuRxefeV
7.86E+11,4wy74OGwysn2UTM16eLVoZ7eV
7.86E+11,8klmxfuQ13km6zwDRsVHFCmeV
7.86E+11,c2MBZZHhp1BgbMKSlW91JWieV
7.86E+11,mzwNpL0mI2nbIbV7U5YceopeV
7.86E+11,Ojqlcod6fw4IFs2mOwuzRJpeV
7.86E+11,oSblMmb51IGKUPIkbsQeMx4eV
7.86E+11,IEkNkrOVHHrZ3nUFCWsqzIieV
7.86E+11,OpBFFle8clyK4CgmPcrHWAreV
7.86E+11,Y4uRttangW0oGXeT7St2gk6eV
7.86E+11,IQwm5u7QHH6ZhvCCoASWxjmeV
7.86E+11,EyoLABf8uzU7GXao2cjpnQheV
7.86E+11,kOskj4rEu1uVMIEC5zqR2treV
7.86E+11,4IMsDJcQc8hxyEks77kO769eV
7.86E+11,YEaCqAAmGap059ymiMciUzueV
34100001889,I4Ach8DiwK77mY6Azr8AGuheV
8.49E+11,SzLOCkpSjmZEF1a1nZwHYOheV
8.49E+11,a7fbGbKLlsssxKa1lFOqg4yeV
8.49E+11,ObswC9j40CuDJyCS6XWKaP7eV
8.57E+11,aNmAncTdmzMBeCR3X1IlSt8eV
8.57E+11,WRTz2qE24ROg5QRjH6QWywpeV
8.13E+11,ifBoCOVO1qOhudVqDwvjqXweV
8.13E+11,WrWcPpVqT0C2r9ORohAsiy9eV
8.13E+11,gYE3MGnKVULLo7G0AB5qNLveV
27541000481,eFDvCcieFDxiBRKSSaWak52eV
27541000481,UI3rwA81AUSQBzGuOs7XWzkeV
27541000481,m9NlDhGbHYWHyO4Xz2eAQ48eV
6.36E+11,EWud6iKi4aKa2Pwr24krAOyeV
6.36E+11,2xnNyBpTXICAouHPFG0eTB7eV
6.36E+11,kSGMDr4KRunn3fEetYtFg2keV
6.36E+11,8m0Ndp4x0cx9JbpFYskmlrpeV
6.36E+11,yLpLueVPhvseIjaMkEJPbXheV
6.36E+11,KDpY4npXqC3L9CrEK7Wa9KqeV
6.36E+11,AKhvXDEZ0UijhEHKfyjobgfeV
6.36E+11,wK1pkNN4V9taYEo6Min89HyeV
6.36E+11,4mbAl7rHA1g5bk6EtxVgFBneV
22000005120,EWatb63HTddylHb9qWI6JW9eV
75506042021,wUG3GoNwwreZ0yf8DifALvteV
75506042021,gEYyYxraOTaJPMo4sA3ScGueV
72350000115,Ie53rlIltlFy2OMtef2M0l0eV
89924278917,OpXCsAEM0yv8mK1D6cTuh4seV
8.53E+11,6FsRvY8ft1eliqME1oPvcYneV
8.53E+11,48CStuxDVIN4WMSz7vrDbF8eV
6.09E+11,46ntTRM3trriNh4CF5Xk6jmeV
6.09E+11,gKFbYeWWFm9RcrjlcB0soXmeV
6.09E+11,mz64sJnqbU1BK0EfRsXEukgeV
6.09E+11,08LceVnmaCnalj6DxRxiIP4eV
6.09E+11,As06SMlbgOEgEieTnZIslireV
6.09E+11,oI8udPcXgq2MfE1GIlVmTa8eV
6.09E+11,AE04e9D8eiPPeqY6EraQdQweV
6.09E+11,YKV0hKOhd3ADEPXsKqULiJueV
6.09E+11,GPMaWJZV2CHc6cGLXpf8gyseV
6.09E+11,wUG3GoNwwreZ0yf8DifALvteV
6.09E+11,OTY6NG7C4GStQu5oDVYpQ0jeV
6.09E+11,mBrzdINZKYrO3XIV9CF2krweV
6.09E+11,cwXSEGAgJsMW448Y3XsLKrheV
6.09E+11,sOe4UCHsCKBkZdz4eFfwVqreV
6.09E+11,wgW80fTZ1fxENedd3TKJlA7eV
6.09E+11,wEqBeFwuq4tqr9qzSDDOwz9eV
6.09E+11,AyFJQ91RBZMWNR9x4C5jFc6eV
6.09E+11,kqmEIMf1cL8cVtYr0JCeqQzeV
6.09E+11,e72xFqJkPvZ9uU49F7XVU05eV
6.09E+11,2FzY9CGDnhJy6e404iUfxqreV
6.09E+11,0YvVpFO9iW5gSTMEcMrIKR3eV
6.09E+11,6HfQQZPDgg7C2G4dJ0vSRNpeV
6.09E+11,ObswC9j40CuDJyCS6XWKaP7eV
6.09E+11,0aAFFXftXgpumIT7i4DcGn1eV
6.09E+11,GD2wFJBXBE48AeQCpzNpY6ieV
6.09E+11,qlMVasRua0vygp83tADryXheV
6.09E+11,Q2xYwDflvauvFuRWKbDezD8eV
6.09E+11,0OkEqzLw0seWOHQugDcQh6teV
6.09E+11,C5O0WERNugF5Oz8mWWmhJlueV
6.09E+11,OtFACrZmlNgjmakH7h1aP9heV
6.09E+11,gWd8EMhgp2ZucDv0Gvi6R0ueV
6.09E+11,yVWht1R0P2TgyaCO8oePrj5eV
6.09E+11,UIzHhvzf1iW1o7uZbUqbEs6eV
6.09E+11,A2duna7IKXb7PdwHXnPVlHfeV
6.09E+11,gOh0Q9RM07POxvezBPl4N70eV
6.09E+11,QMcuz39hkKXTkHUGyNuvOboeV
6.09E+11,uT4g4PfW4Uxn7hJ1i9eGAwleV
6.09E+11,2JnVJ3efNpige7tF6RhDBO5eV
6.09E+11,yLRHEhA8whjshzLII836N3heV
6.09E+11,azVIsYB3X4eKsPIRWQDpb62eV
6.09E+11,4uZfY07revqvukG4ri3MRo6eV
6.09E+11,IM03e1LmjnjKIGqqmyjUw6seV
6.09E+11,iJSWSixKfpO85YqYkLwOU96eV
6.09E+11,ypobeYTRRIjh36N3buWAXFxeV
6.09E+11,CXn5GEfCAyEFGVNYG86t2d3eV
6.09E+11,2zGal9yMGctilJjvSaZ0JNkeV
