Category_ID,Supplier_Name,Supplier_ID
100000,Sunrise Winery,hVbANeqxSf
100001,Sweet Delights Shop,i5fEVagcBT
100002,Gifts Galore,xB50ywlPJR
100003,Sip Sensation Co,np2gIP7KTL
100004,SmokeElegance,ehsnkJIjYC
100005,Quality Drinks Suppliers & Co,qpWJqSVNFp
100006,Brews Direct,Pwsi9gLBHs
100007,Other Suppliers,NbbGLjK7O7
100008,Leaf Lounge & Tobacco,fVD9NTImT2
100009,Brews Direct,fRyd56X3fc
100010,Whole Food Traders and Distributors,qhGbZXUEsx1
100011,Vibrant Veggies Farm,PcawILxP5U
100012,Tobacco Trades,RCTKRR01y61
100013,Cold creations co,oxE5xM9ufR
100014,Lighter World,Vy8A5rWA0R
100015,E-Smoke and Tobacco LLC,ZdQ9WH1RD6
100016,Whole Food Traders and Distributors,qhGbZXUEsx
100017,Oasis Aqua ,SIAOJhSD4x
100018,Tobacco Trades,RCTKRR01y6
100019,Mountain peak coffee,YNPQMUTaiO
100020,Gum World,MGZbfZWy2N
100021,Online Traders,1lVFF1fFlt
100022,Tasty Treats Co.,Wl98M9qALV
100023,Home Hardware and Care,GfbZaTtPHL
100024,Meds & Health LLC,u6MvGOcuWd
100025,Azure Accessories,YRXaFnEopf
100026,Zyn Nicotine Distributors,ZrM2J6s0bs
